section,section_display,method,seed,reference_ari
151670,151670,GraphST,1,0.2029149576
151670,151670,GraphST,2,0.1904695354
151670,151670,GraphST,3,0.25401490539999999
151670,151670,GraphST,4,0.25634614649999998
151670,151670,GraphST,5,0.21843851010000001
151670,151670,GraphST,6,0.26407836829999998
151670,151670,GraphST,7,0.24771955919999999
151670,151670,GraphST,8,0.21265632779999999
151670,151670,GraphST,9,0.20593476050000001
151670,151670,GraphST,10,0.16580647709999999
151670,151670,GraphST,11,0.2706940766
151670,151670,GraphST,12,0.21841205999999999
151670,151670,GraphST,13,0.21946992430000001
151670,151670,GraphST,14,0.2219840096
151670,151670,GraphST,15,0.2379221239
151670,151670,GraphST,16,0.28144428939999999
151670,151670,GraphST,17,0.37456055840000002
151670,151670,GraphST,18,0.20928716850000001
151670,151670,GraphST,19,0.26947185810000002
151670,151670,GraphST,20,0.20120194990000001
151670,151670,STAGATE,1,0.2296994443
151670,151670,STAGATE,2,0.115353701
151670,151670,STAGATE,3,0.35235939799999999
151670,151670,STAGATE,4,0.21002259400000001
151670,151670,STAGATE,5,0.26541010180000002
151670,151670,STAGATE,6,0.2068387864
151670,151670,STAGATE,7,0.19825524759999999
151670,151670,STAGATE,8,0.32883697239999998
151670,151670,STAGATE,9,0.14120535170000001
151670,151670,STAGATE,10,0.20719203820000001
151670,151670,STAGATE,11,0.16822229720000001
151670,151670,STAGATE,12,0.31811915530000001
151670,151670,STAGATE,13,0.26503222399999998
151670,151670,STAGATE,14,0.15678823710000001
151670,151670,STAGATE,15,0.2454660025
151670,151670,STAGATE,16,0.19407273450000001
151670,151670,STAGATE,17,0.19209581270000001
151670,151670,STAGATE,18,0.13473491309999999
151670,151670,STAGATE,19,0.24015050939999999
151670,151670,STAGATE,20,0.16543811459999999
151670,151670,SpaGCN,1,0.13519960140000001
151670,151670,SpaGCN,2,0.23652627579999999
151670,151670,SpaGCN,3,0.1903246572
151670,151670,SpaGCN,4,0.12726095279999999
151670,151670,SpaGCN,5,0.20858413349999999
151670,151670,SpaGCN,6,0.1682911118
151670,151670,SpaGCN,7,0.1456609556
151670,151670,SpaGCN,8,0.13996926630000001
151670,151670,SpaGCN,9,0.12955605049999999
151670,151670,SpaGCN,10,0.15811070059999999
151670,151670,SpaGCN,11,0.2058100158
151670,151670,SpaGCN,12,0.1691705208
151670,151670,SpaGCN,13,0.15348828370000001
151670,151670,SpaGCN,14,0.18273169419999999
151670,151670,SpaGCN,15,0.1525075903
151670,151670,SpaGCN,16,0.1660828781
151670,151670,SpaGCN,17,0.1581381835
151670,151670,SpaGCN,18,0.13836548670000001
151670,151670,SpaGCN,19,0.1752689493
151670,151670,SpaGCN,20,0.16178617889999999
151670,151670,BANKSY,1,0.20939767619999999
151670,151670,BANKSY,2,0.67455972210000004
151670,151670,BANKSY,3,0.65271998730000003
151670,151670,BANKSY,4,0.25334419670000002
151670,151670,BANKSY,5,0.41548070819999999
151670,151670,BANKSY,6,0.43502625249999999
151670,151670,BANKSY,7,0.42061509549999998
151670,151670,BANKSY,8,0.30850435869999998
151670,151670,BANKSY,9,0.48813987759999999
151670,151670,BANKSY,10,0.24847491769999999
151670,151670,BANKSY,11,0.38238829229999999
151670,151670,BANKSY,12,0.43423029829999998
151670,151670,BANKSY,13,0.28035352629999999
151670,151670,BANKSY,14,0.2489353725
151670,151670,BANKSY,15,0.2226896022
151670,151670,BANKSY,16,0.24870598869999999
151670,151670,BANKSY,17,0.43782393359999999
151670,151670,BANKSY,18,0.38238829229999999
151670,151670,BANKSY,19,0.28226588720000001
151670,151670,BANKSY,20,0.31503373540000001
151670,151670,SEDR,1,0.32543619338300001
151670,151670,SEDR,2,0.25642157954400002
151670,151670,SEDR,3,0.348360683497
151670,151670,SEDR,4,0.24197654496500001
151670,151670,SEDR,5,0.31836813644099993
151670,151670,SEDR,6,0.38894493162600002
151670,151670,SEDR,7,0.25845426468900001
151670,151670,SEDR,8,0.31986100040799992
151670,151670,SEDR,9,0.31601100829399992
151670,151670,SEDR,10,0.28821291281700001
151670,151670,SEDR,11,0.28044060874499988
151670,151670,SEDR,12,0.32973601093600002
151670,151670,SEDR,13,0.29818475347399992
151670,151670,SEDR,14,0.31354338910000001
151670,151670,SEDR,15,0.27340438300999992
151670,151670,SEDR,16,0.38430872978199992
151670,151670,SEDR,17,0.321435295806
151670,151670,SEDR,18,0.401382442369
151670,151670,SEDR,19,0.31274396758200002
151670,151670,SEDR,20,0.24976793036200001
STARmap,STARmap,GraphST,1,0.3854984213
STARmap,STARmap,GraphST,2,0.3563668143
STARmap,STARmap,GraphST,3,0.49890311739999998
STARmap,STARmap,GraphST,4,0.46225794920000002
STARmap,STARmap,GraphST,5,0.49876040020000001
STARmap,STARmap,GraphST,6,0.45827761420000002
STARmap,STARmap,GraphST,7,0.49479968019999998
STARmap,STARmap,GraphST,8,0.46607029900000002
STARmap,STARmap,GraphST,9,0.48685064610000001
STARmap,STARmap,GraphST,10,0.50503340279999998
STARmap,STARmap,GraphST,11,0.48967619600000001
STARmap,STARmap,GraphST,12,0.46384749539999998
STARmap,STARmap,GraphST,13,0.48969940299999998
STARmap,STARmap,GraphST,14,0.4927615387
STARmap,STARmap,GraphST,15,0.47057464780000002
STARmap,STARmap,GraphST,16,0.52164901880000003
STARmap,STARmap,GraphST,17,0.40534500000000001
STARmap,STARmap,GraphST,18,0.48589326529999999
STARmap,STARmap,GraphST,19,0.46711794680000002
STARmap,STARmap,GraphST,20,0.4800343822
STARmap,STARmap,STAGATE,1,0.2779761805
STARmap,STARmap,STAGATE,2,0.27592595619999999
STARmap,STARmap,STAGATE,3,0.2771488178
STARmap,STARmap,STAGATE,4,0.31057237589999998
STARmap,STARmap,STAGATE,5,0.28982621339999998
STARmap,STARmap,STAGATE,6,0.30875207789999998
STARmap,STARmap,STAGATE,7,0.2598801255
STARmap,STARmap,STAGATE,8,0.22694936039999999
STARmap,STARmap,STAGATE,9,0.28930356950000002
STARmap,STARmap,STAGATE,10,0.3192875664
STARmap,STARmap,STAGATE,11,0.3093538368
STARmap,STARmap,STAGATE,12,0.30632259680000001
STARmap,STARmap,STAGATE,13,0.28197062379999999
STARmap,STARmap,STAGATE,14,0.29451929020000001
STARmap,STARmap,STAGATE,15,0.3015415642
STARmap,STARmap,STAGATE,16,0.30656179300000003
STARmap,STARmap,STAGATE,17,0.32357881389999998
STARmap,STARmap,STAGATE,18,0.31224001540000001
STARmap,STARmap,STAGATE,19,0.29345272239999998
STARmap,STARmap,STAGATE,20,0.313451798
STARmap,STARmap,SpaGCN,1,0.35560261129999998
STARmap,STARmap,SpaGCN,2,0.27492403409999999
STARmap,STARmap,SpaGCN,3,0.25647998799999999
STARmap,STARmap,SpaGCN,4,0.35927101700000003
STARmap,STARmap,SpaGCN,5,0.42945842699999998
STARmap,STARmap,SpaGCN,6,0.39800187529999997
STARmap,STARmap,SpaGCN,7,0.45036333989999999
STARmap,STARmap,SpaGCN,8,0.33988471399999998
STARmap,STARmap,SpaGCN,9,0.42625294829999999
STARmap,STARmap,SpaGCN,10,0.3441096105
STARmap,STARmap,SpaGCN,11,0.31280358860000002
STARmap,STARmap,SpaGCN,12,0.34789969770000001
STARmap,STARmap,SpaGCN,13,0.41056857330000002
STARmap,STARmap,SpaGCN,14,0.41745128520000002
STARmap,STARmap,SpaGCN,15,0.38830452170000002
STARmap,STARmap,SpaGCN,16,0.31294214269999998
STARmap,STARmap,SpaGCN,17,0.2883096872
STARmap,STARmap,SpaGCN,18,0.47039028170000002
STARmap,STARmap,SpaGCN,19,0.38978617999999998
STARmap,STARmap,SpaGCN,20,0.45048326820000001
STARmap,STARmap,BANKSY,1,0.55457179400000001
STARmap,STARmap,BANKSY,2,0.56236677170000005
STARmap,STARmap,BANKSY,3,0.56596951969999998
STARmap,STARmap,BANKSY,4,0.56236677170000005
STARmap,STARmap,BANKSY,5,0.56566070960000003
STARmap,STARmap,BANKSY,6,0.56518045640000003
STARmap,STARmap,BANKSY,7,0.45596976119999999
STARmap,STARmap,BANKSY,8,0.55877204800000002
STARmap,STARmap,BANKSY,9,0.56961181390000004
STARmap,STARmap,BANKSY,10,0.56548395620000003
STARmap,STARmap,BANKSY,11,0.45816048500000001
STARmap,STARmap,BANKSY,12,0.4587649734
STARmap,STARmap,BANKSY,13,0.54611419679999995
STARmap,STARmap,BANKSY,14,0.56158333270000005
STARmap,STARmap,BANKSY,15,0.56279719100000003
STARmap,STARmap,BANKSY,16,0.56961181390000004
STARmap,STARmap,BANKSY,17,0.54542509289999996
STARmap,STARmap,BANKSY,18,0.61422064570000001
STARmap,STARmap,BANKSY,19,0.6113893883
STARmap,STARmap,BANKSY,20,0.55122903940000001
STARmap,STARmap,SEDR,1,0.59437781682199986
STARmap,STARmap,SEDR,2,0.61403469237099995
STARmap,STARmap,SEDR,3,0.422251159401
STARmap,STARmap,SEDR,4,0.53740738923300002
STARmap,STARmap,SEDR,5,0.54175814162799985
STARmap,STARmap,SEDR,6,0.60343741134899986
STARmap,STARmap,SEDR,7,0.53348832567000004
STARmap,STARmap,SEDR,8,0.53809643348400005
STARmap,STARmap,SEDR,9,0.55283032449699987
STARmap,STARmap,SEDR,10,0.55860792714499985
STARmap,STARmap,SEDR,11,0.59623550948000004
STARmap,STARmap,SEDR,12,0.61850481719999995
STARmap,STARmap,SEDR,13,0.53507130722200003
STARmap,STARmap,SEDR,14,0.57107079781100001
STARmap,STARmap,SEDR,15,0.46810850870600001
STARmap,STARmap,SEDR,16,0.561867644286
STARmap,STARmap,SEDR,17,0.600940783205
STARmap,STARmap,SEDR,18,0.56565717982499986
STARmap,STARmap,SEDR,19,0.53331719571000002
STARmap,STARmap,SEDR,20,0.53779352963299987
HBCA1,HBCA1,GraphST,1,0.55435845520000004
HBCA1,HBCA1,GraphST,2,0.50933106299999997
HBCA1,HBCA1,GraphST,3,0.57439873480000003
HBCA1,HBCA1,GraphST,4,0.52836182669999998
HBCA1,HBCA1,GraphST,5,0.49690941490000001
HBCA1,HBCA1,GraphST,6,0.53323491089999997
HBCA1,HBCA1,GraphST,7,0.51015091639999999
HBCA1,HBCA1,GraphST,8,0.48990955000000003
HBCA1,HBCA1,GraphST,9,0.50640346030000005
HBCA1,HBCA1,GraphST,10,0.50780873419999994
HBCA1,HBCA1,GraphST,11,0.51731690969999999
HBCA1,HBCA1,GraphST,12,0.56079574769999996
HBCA1,HBCA1,GraphST,13,0.52573871510000003
HBCA1,HBCA1,GraphST,14,0.57339112969999995
HBCA1,HBCA1,GraphST,15,0.57355753350000005
HBCA1,HBCA1,GraphST,16,0.55674971340000001
HBCA1,HBCA1,GraphST,17,0.5216266464
HBCA1,HBCA1,GraphST,18,0.54801213920000003
HBCA1,HBCA1,GraphST,19,0.49576216870000001
HBCA1,HBCA1,GraphST,20,0.51429503600000004
HBCA1,HBCA1,STAGATE,1,0.63035817240000003
HBCA1,HBCA1,STAGATE,2,0.62401117419999996
HBCA1,HBCA1,STAGATE,3,0.55475807210000005
HBCA1,HBCA1,STAGATE,4,0.61870218160000001
HBCA1,HBCA1,STAGATE,5,0.63513903189999998
HBCA1,HBCA1,STAGATE,6,0.6462814643
HBCA1,HBCA1,STAGATE,7,0.61095274229999996
HBCA1,HBCA1,STAGATE,8,0.58867237390000005
HBCA1,HBCA1,STAGATE,9,0.58304353499999995
HBCA1,HBCA1,STAGATE,10,0.61870561999999996
HBCA1,HBCA1,STAGATE,11,0.64228044470000001
HBCA1,HBCA1,STAGATE,12,0.62796367289999999
HBCA1,HBCA1,STAGATE,13,0.62845132479999999
HBCA1,HBCA1,STAGATE,14,0.62425705490000005
HBCA1,HBCA1,STAGATE,15,0.64523431899999995
HBCA1,HBCA1,STAGATE,16,0.63112636310000003
HBCA1,HBCA1,STAGATE,17,0.63378193599999999
HBCA1,HBCA1,STAGATE,18,0.58850724710000002
HBCA1,HBCA1,STAGATE,19,0.61663425829999996
HBCA1,HBCA1,STAGATE,20,0.59205082450000002
HBCA1,HBCA1,SpaGCN,1,0.50784751230000003
HBCA1,HBCA1,SpaGCN,2,0.54872470210000002
HBCA1,HBCA1,SpaGCN,3,0.49543927199999999
HBCA1,HBCA1,SpaGCN,4,0.53817528290000005
HBCA1,HBCA1,SpaGCN,5,0.50367915490000004
HBCA1,HBCA1,SpaGCN,6,0.56055369690000001
HBCA1,HBCA1,SpaGCN,7,0.54234949769999996
HBCA1,HBCA1,SpaGCN,8,0.51990174720000004
HBCA1,HBCA1,SpaGCN,9,0.53462253709999996
HBCA1,HBCA1,SpaGCN,10,0.5126051694
HBCA1,HBCA1,SpaGCN,11,0.49521482639999997
HBCA1,HBCA1,SpaGCN,12,0.54910723439999998
HBCA1,HBCA1,SpaGCN,13,0.53415457550000001
HBCA1,HBCA1,SpaGCN,14,0.53858062090000003
HBCA1,HBCA1,SpaGCN,15,0.53966082100000001
HBCA1,HBCA1,SpaGCN,16,0.53785105320000004
HBCA1,HBCA1,SpaGCN,17,0.51084840990000002
HBCA1,HBCA1,SpaGCN,18,0.54990182369999996
HBCA1,HBCA1,SpaGCN,19,0.52927518659999995
HBCA1,HBCA1,SpaGCN,20,0.52908651289999997
HBCA1,HBCA1,BANKSY,1,0.64006174110000003
HBCA1,HBCA1,BANKSY,2,0.65220802460000005
HBCA1,HBCA1,BANKSY,3,0.64223494469999998
HBCA1,HBCA1,BANKSY,4,0.64872340579999999
HBCA1,HBCA1,BANKSY,5,0.63613700169999998
HBCA1,HBCA1,BANKSY,6,0.58516515599999996
HBCA1,HBCA1,BANKSY,7,0.61342271120000003
HBCA1,HBCA1,BANKSY,8,0.63554642120000004
HBCA1,HBCA1,BANKSY,9,0.61765585919999999
HBCA1,HBCA1,BANKSY,10,0.5717066569
HBCA1,HBCA1,BANKSY,11,0.63978732199999999
HBCA1,HBCA1,BANKSY,12,0.60438125090000006
HBCA1,HBCA1,BANKSY,13,0.57078702120000002
HBCA1,HBCA1,BANKSY,14,0.59979803139999999
HBCA1,HBCA1,BANKSY,15,0.60037085310000005
HBCA1,HBCA1,BANKSY,16,0.63407457720000004
HBCA1,HBCA1,BANKSY,17,0.64231179579999997
HBCA1,HBCA1,BANKSY,18,0.63927556720000001
HBCA1,HBCA1,BANKSY,19,0.57066479250000002
HBCA1,HBCA1,BANKSY,20,0.64389888699999998
HBCA1,HBCA1,SEDR,1,0.446071138837
HBCA1,HBCA1,SEDR,2,0.44552085667000002
HBCA1,HBCA1,SEDR,3,0.392113072482
HBCA1,HBCA1,SEDR,4,0.44673811834299992
HBCA1,HBCA1,SEDR,5,0.41835384093599992
HBCA1,HBCA1,SEDR,6,0.45389238852500002
HBCA1,HBCA1,SEDR,7,0.37894028741300001
HBCA1,HBCA1,SEDR,8,0.44161047612799992
HBCA1,HBCA1,SEDR,9,0.434824402532
HBCA1,HBCA1,SEDR,10,0.37760346389400001
HBCA1,HBCA1,SEDR,11,0.39294849478799992
HBCA1,HBCA1,SEDR,12,0.35782092835099988
HBCA1,HBCA1,SEDR,13,0.39372542947900002
HBCA1,HBCA1,SEDR,14,0.39269705836899987
HBCA1,HBCA1,SEDR,15,0.39257121293399988
HBCA1,HBCA1,SEDR,16,0.37092127636700001
HBCA1,HBCA1,SEDR,17,0.41864676428300002
HBCA1,HBCA1,SEDR,18,0.36921512215699992
HBCA1,HBCA1,SEDR,19,0.38789950527400002
HBCA1,HBCA1,SEDR,20,0.38512718643999988
