entry_id,display_name,family,platform,species,tissue,n_observations,n_genes,requested_k,source_publication,public_source,reference_annotation,verification_note
151507,151507,DLPFC,10x Visium,human,dorsolateral prefrontal cortex,4226,18430,7,"Maynard et al. (2021); doi:10.1038/s41593-020-00787-0",https://spatial.libd.org/spatialLIBD/,Manual cortical layers L1-L6 and white matter distributed through spatialLIBD/HumanPilot,Exact archived accession/version TO VERIFY
151508,151508,DLPFC,10x Visium,human,dorsolateral prefrontal cortex,4384,18067,7,"Maynard et al. (2021); doi:10.1038/s41593-020-00787-0",https://spatial.libd.org/spatialLIBD/,Manual cortical layers L1-L6 and white matter distributed through spatialLIBD/HumanPilot,Exact archived accession/version TO VERIFY
151509,151509,DLPFC,10x Visium,human,dorsolateral prefrontal cortex,4789,18688,7,"Maynard et al. (2021); doi:10.1038/s41593-020-00787-0",https://spatial.libd.org/spatialLIBD/,Manual cortical layers L1-L6 and white matter distributed through spatialLIBD/HumanPilot,Exact archived accession/version TO VERIFY
151510,151510,DLPFC,10x Visium,human,dorsolateral prefrontal cortex,4634,18466,7,"Maynard et al. (2021); doi:10.1038/s41593-020-00787-0",https://spatial.libd.org/spatialLIBD/,Manual cortical layers L1-L6 and white matter distributed through spatialLIBD/HumanPilot,Exact archived accession/version TO VERIFY
151669,151669,DLPFC,10x Visium,human,dorsolateral prefrontal cortex,3661,18583,7,"Maynard et al. (2021); doi:10.1038/s41593-020-00787-0",https://spatial.libd.org/spatialLIBD/,Manual cortical layers L1-L6 and white matter distributed through spatialLIBD/HumanPilot,Exact archived accession/version TO VERIFY
151670,151670,DLPFC,10x Visium,human,dorsolateral prefrontal cortex,3498,18332,7,"Maynard et al. (2021); doi:10.1038/s41593-020-00787-0",https://spatial.libd.org/spatialLIBD/,Manual cortical layers L1-L6 and white matter distributed through spatialLIBD/HumanPilot,Exact archived accession/version TO VERIFY
151671,151671,DLPFC,10x Visium,human,dorsolateral prefrontal cortex,4110,19041,7,"Maynard et al. (2021); doi:10.1038/s41593-020-00787-0",https://spatial.libd.org/spatialLIBD/,Manual cortical layers L1-L6 and white matter distributed through spatialLIBD/HumanPilot,Exact archived accession/version TO VERIFY
151672,151672,DLPFC,10x Visium,human,dorsolateral prefrontal cortex,4015,18730,7,"Maynard et al. (2021); doi:10.1038/s41593-020-00787-0",https://spatial.libd.org/spatialLIBD/,Manual cortical layers L1-L6 and white matter distributed through spatialLIBD/HumanPilot,Exact archived accession/version TO VERIFY
151673,151673,DLPFC,10x Visium,human,dorsolateral prefrontal cortex,3639,19151,7,"Maynard et al. (2021); doi:10.1038/s41593-020-00787-0",https://spatial.libd.org/spatialLIBD/,Manual cortical layers L1-L6 and white matter distributed through spatialLIBD/HumanPilot,Exact archived accession/version TO VERIFY
151674,151674,DLPFC,10x Visium,human,dorsolateral prefrontal cortex,3673,19878,7,"Maynard et al. (2021); doi:10.1038/s41593-020-00787-0",https://spatial.libd.org/spatialLIBD/,Manual cortical layers L1-L6 and white matter distributed through spatialLIBD/HumanPilot,Exact archived accession/version TO VERIFY
151675,151675,DLPFC,10x Visium,human,dorsolateral prefrontal cortex,3592,18658,7,"Maynard et al. (2021); doi:10.1038/s41593-020-00787-0",https://spatial.libd.org/spatialLIBD/,Manual cortical layers L1-L6 and white matter distributed through spatialLIBD/HumanPilot,Exact archived accession/version TO VERIFY
151676,151676,DLPFC,10x Visium,human,dorsolateral prefrontal cortex,3460,18674,7,"Maynard et al. (2021); doi:10.1038/s41593-020-00787-0",https://spatial.libd.org/spatialLIBD/,Manual cortical layers L1-L6 and white matter distributed through spatialLIBD/HumanPilot,Exact archived accession/version TO VERIFY
STARmap_20180505_BY3_1k,STARmap,STARmap,STARmap in situ sequencing,mouse,visual cortex,1207,1020,7,"Wang et al. (2018); doi:10.1126/science.aat5691",https://github.com/maiziezhoulab/BenchmarkST,BenchmarkST-curated seven-domain anatomical annotation,Exact source commit/release TO VERIFY
HBCA1,HBCA1,breast cancer,10x Visium,human,breast cancer,3798,22240,20,"10x Genomics public dataset; Hu et al. (2024); doi:10.1186/s13059-024-03361-0",https://benchmarkst-reproducibility.readthedocs.io/en/latest/Data%20availability.html,Manual 20-region H&E/pathology reference from the original SEDR study,Exact direct 10x and annotation-file URLs TO VERIFY
MERFISH_Bregma_m0.04,Bregma -0.04,MERFISH Animal1,MERFISH,mouse,hypothalamus / preoptic region,5488,155,8,"Moffitt et al. (2018); doi:10.1126/science.aau5324",doi:10.5061/dryad.8t8s248; https://github.com/zhengli09/BASS-Analysis,BASS/manual atlas-informed Animal1 annotation,Exact Dryad subfile mapping TO VERIFY
MERFISH_Bregma_m0.09,Bregma -0.09,MERFISH Animal1,MERFISH,mouse,hypothalamus / preoptic region,5557,155,8,"Moffitt et al. (2018); doi:10.1126/science.aau5324",doi:10.5061/dryad.8t8s248; https://github.com/zhengli09/BASS-Analysis,BASS/manual atlas-informed Animal1 annotation,Exact Dryad subfile mapping TO VERIFY
MERFISH_Bregma_m0.14,Bregma -0.14,MERFISH Animal1,MERFISH,mouse,hypothalamus / preoptic region,5926,155,8,"Moffitt et al. (2018); doi:10.1126/science.aau5324",doi:10.5061/dryad.8t8s248; https://github.com/zhengli09/BASS-Analysis,BASS/manual atlas-informed Animal1 annotation,Exact Dryad subfile mapping TO VERIFY
MERFISH_Bregma_m0.19,Bregma -0.19,MERFISH Animal1,MERFISH,mouse,hypothalamus / preoptic region,5803,155,8,"Moffitt et al. (2018); doi:10.1126/science.aau5324",doi:10.5061/dryad.8t8s248; https://github.com/zhengli09/BASS-Analysis,BASS/manual atlas-informed Animal1 annotation,Exact Dryad subfile mapping TO VERIFY
MERFISH_Bregma_m0.24,Bregma -0.24,MERFISH Animal1,MERFISH,mouse,hypothalamus / preoptic region,5543,155,8,"Moffitt et al. (2018); doi:10.1126/science.aau5324",doi:10.5061/dryad.8t8s248; https://github.com/zhengli09/BASS-Analysis,BASS/manual atlas-informed Animal1 annotation,Exact Dryad subfile mapping TO VERIFY

