Dataset,Method,Empirical P(rank 1),Expected empirical rank,Median empirical rank,P(top 2),P(top 3),Within-unit partition-to-marker Spearman rho,Low-tertile marker Jaccard,Middle-tertile marker Jaccard,High-tertile marker Jaccard,20-seed consensus reference ARI,Split-half consensus ARI,Consensus reproducibility gain
151507,GraphST,0,3.8199999999999998,4,0.012775,0.37945000000000001,0.55635186000000003,0.73913043,0.81818181999999995,0.80180180000000001,0.25963071599999998,0.55366497950000004,0.095642598499999995
151507,STAGATE,0,3.7400000000000002,4,0.2054999999999999,0.38500000000000001,0.69614153000000001,0.76991149999999997,0.88679244999999995,0.88679244999999995,0.2469737501,0.85801589450000004,0.29492536740000003
151507,SpaGCN,0.0025000000000000001,2.3300000000000001,2,0.70956249999999987,0.95999999999999996,0.85673809999999995,0.58251231999999997,0.75438596000000002,0.80194805000000002,0.36705202939999998,0.73353869270000005,0.20105983429999999
151507,BANKSY,0,4.1074999999999999,4,0.072162500000000004,0.27555000000000002,0.97333864000000003,0.73913043,0.98019802,1,0.2457833257,0.98786525999999997,0.3711931047
151507,SEDR,0.99750000000000005,1.0024999999999999,1,1,1,0.75327726289999986,0.63934426229999985,0.70940170940000002,0.77781289509999985,0.56841623849400003,0.76027036912099988,0.089611152462999902
151508,GraphST,0,3.5550000000000002,4,0.17074375,0.4715125,0.65746473000000005,0.75438596000000002,0.80180180000000001,0.82652210000000004,0.1937269257,0.57553470569999998,0.087418370309999993
151508,STAGATE,0,3.5625,4,0.2304624999999999,0.4657,0.10793911,0.80180180000000001,0.86915887999999997,0.81818181999999995,0.2077569564,0.57050076169999997,0.013536437970000001
151508,SpaGCN,0,2.98,3,0.37883749999999988,0.71207500000000001,0.69741047,0.53846154000000002,0.65300546000000004,0.70940170999999996,0.39521172809999999,0.72355967060000004,0.26439933560000001
151508,BANKSY,0,3.9024999999999999,4,0.21995624999999991,0.35071249999999993,0.82945590000000002,0.75438596000000002,0.75438596000000002,0.88679244999999995,0.24556816610000001,0.92592308270000001,0.38542651280000001
151508,SEDR,1,1,1,1,1,0.67374351290000001,0.70940170940000002,0.7699115044,0.81818181820000002,0.53894389774399987,0.83548157537300005,0.1138862592889999
151509,GraphST,0.0053625000000000001,4.2874999999999996,5,0.067049999999999901,0.2076875,0.43066681000000001,0.75438596000000002,0.75438596000000002,0.80180180000000001,0.31015125830000001,0.54690946600000001,0.099155137510000005
151509,STAGATE,0.12520000000000001,2.1800000000000002,2,0.76076874999999988,0.94523749999999995,0.41718420000000001,0.86050537000000005,0.87797566999999999,0.86915887999999997,0.41301254380000002,0.95526658909999995,0.2095360044
151509,SpaGCN,0.00027625000000000002,3.9399999999999999,4,0.019927500000000001,0.27106625000000001,0.52204514000000002,0.72413793000000004,0.75438596000000002,0.80180180000000001,0.33499615649999998,0.74694461199999995,0.22722175419999999
151509,BANKSY,0.031125,3.3799999999999999,3,0.1968125,0.58174999999999988,0.94124026000000005,0.92307691999999997,0.96078430999999997,1,0.35585426790000002,0.86955744180000005,0.36284968649999999
151509,SEDR,0.83803625000000004,1.2124999999999999,1,0.95544125000000002,0.99425874999999997,0.53758087880000005,0.64611841209999987,0.65977961429999987,0.71702284449999987,0.537951707088,0.77835229953899987,0.17339960669400001
151510,GraphST,0,3.7225000000000001,4,0.13316249999999991,0.42654999999999987,0.53646762000000003,0.68779376000000003,0.69503698999999997,0.78571429000000004,0.36996367559999999,0.86495748920000004,0.41093398799999997
151510,STAGATE,0,3.5699999999999998,4,0.27634999999999987,0.45329999999999993,0.86009217999999998,0.62601625999999999,0.74702471999999998,0.84335711999999996,0.30482604320000001,0.67107754419999999,0.14477535220000001
151510,SpaGCN,0,3.8700000000000001,4,0.117225,0.35004999999999992,0.82060502999999996,0.65289255999999996,0.69491524999999998,0.72413793000000004,0.40860152890000001,0.61218683929999995,0.113183748
151510,BANKSY,0,2.8374999999999999,3,0.47326249999999992,0.77010000000000001,0.81927388999999995,0.48148148000000002,0.78571429000000004,0.86915887999999997,0.32892888520000002,0.92439106019999995,0.40842011859999999
151510,SEDR,1,1,1,1,1,0.69301122920000002,0.63945441110000001,0.70940170940000002,0.73913043479999985,0.449454009371,0.89545973105099985,0.28108881662500002
151669,GraphST,0,3.8199999999999998,4,0.061124999999999902,0.386625,0.46605340000000001,0.49253731000000001,0.56865157,0.61290323000000002,0.26421818749999998,0.74689765090000004,0.30866465360000001
151669,STAGATE,0,3.3574999999999999,3,0.045999999999999902,0.60962499999999986,0.23902234999999999,0.69491524999999998,0.70940170999999996,0.70940170999999996,0.26083119519999998,0.87633721310000001,0.1255798957
151669,SpaGCN,0,4.7074999999999996,5,0,0.011625,0.91234883,0.42857142999999998,0.55038759999999998,0.65289255999999996,0.22621404780000001,0.77080514229999997,0.3096363479
151669,BANKSY,0.0025000000000000001,2.1124999999999998,2,0.89287499999999986,0.99212500000000003,0.96628976,0.75438596000000002,0.96078430999999997,1,0.29143418110000002,0.99627526249999998,0.01904826184
151669,SEDR,0.99750000000000005,1.0024999999999999,1,1,1,0.67711646589999985,0.62601626020000001,0.6949152542,0.73163418290000004,0.38614965221699987,0.80260222063200004,0.18887909822000001
151670,GraphST,0.0354999999999999,3.1924999999999999,3,0.170125,0.64087499999999986,0.21719748999999999,0.53846154000000002,0.57480315000000004,0.57490079000000005,0.36914071189999997,0.77156463389999996,0.38028317449999999
151670,STAGATE,0.0560125,3.6225000000000001,4,0.17217499999999991,0.38373750000000001,0.56807602000000001,0.49253731000000001,0.65977960999999996,0.66666667000000002,0.25783511129999998,0.7698967202,0.1542573183
151670,SpaGCN,0,4.6875,5,0.0017875,0.036049999999999902,0.70969797999999995,0.27388535000000003,0.34681662000000002,0.44421272000000001,0.22346157250000001,0.53681644890000002,0.14988797100000001
151670,BANKSY,0.54910625000000002,1.6975,1,0.79954999999999987,0.95508124999999999,0.94051348000000001,0.50375939999999997,0.75560176000000001,0.90545323,0.31471974209999998,0.62323726800000001,0.031926835260000001
151670,SEDR,0.35938124999999987,1.8,2,0.85636250000000003,0.98425625000000005,0.49555779779999992,0.50375939849999996,0.48148148149999992,0.68067226889999988,0.29710475247899992,0.80236343657300002,0.210228860504
151671,GraphST,0,4.0999999999999996,4,0,0.060999999999999902,0.46768587,0.51515151999999997,0.56865157,0.58730159000000004,0.32766177940000002,0.76894753370000002,0.21658944490000001
151671,STAGATE,0,3.04,3,0.044999999999999901,0.92149999999999999,0.74833601000000005,0.53258954999999997,0.62601625999999999,0.68067226999999997,0.3815104399,0.86467631990000005,0.17907422379999999
151671,SpaGCN,0,4.8150000000000004,5,0,0.017500000000000002,0.88166166000000001,0.38888888999999999,0.49253731000000001,0.5625,0.27601120709999999,0.50853670880000001,0.079464059099999998
151671,BANKSY,0,2.0449999999999999,2,0.95499999999999996,1,0.91744157999999998,0.72413793000000004,0.80180180000000001,0.86915887999999997,0.4219221883,0.91065109659999999,0.033218328710000002
151671,SEDR,1,1,1,1,1,0.56929988200000003,0.61290322580000001,0.66666666669999985,0.69503698920000001,0.61700644608999988,0.69164881968699987,0.068650278769500001
151672,GraphST,0,4.2525000000000004,4,0,0.0025000000000000001,0.44204408000000001,0.44927536000000001,0.51515151999999997,0.51515151999999997,0.37288852519999999,0.67223331519999996,0.21215839950000001
151672,STAGATE,0,2.9775,3,0.025000000000000001,0.99750000000000005,0.59609780000000001,0.53846154000000002,0.56865157,0.62601625999999999,0.40463778839999998,0.75505934470000002,0.096924821950000004
151672,SpaGCN,0,4.7450000000000001,5,0,0,0.80370401999999996,0.43884891999999998,0.52671756000000003,0.59999999999999998,0.32421070959999998,0.73152988429999999,0.31381160850000001
151672,BANKSY,0.28999999999999992,1.7350000000000001,2,0.97499999999999998,1,0.73157368,0.63934426,0.72465060999999997,0.92307691999999997,0.44470549479999999,0.98469815869999999,0.2144898499
151672,SEDR,0.70999999999999985,1.29,1,1,1,0.72125599870000001,0.70215848179999985,0.7699115044,0.78571428570000001,0.47917956872400003,0.76228248345899985,0.049873212251900001
151673,GraphST,0,4.7725,5,0.00063750000000000005,0.02035,0.68726591999999997,0.70940170999999996,0.75438596000000002,0.78571429000000004,0.21214590550000001,0.79006760899999995,0.1819556477
151673,STAGATE,0,3.9550000000000001,4,0.0083374999999999005,0.196575,0.84653276,0.70940170999999996,0.76991149999999997,0.80180180000000001,0.2278013626,0.85887892889999995,0.18303906
151673,SpaGCN,0,3.1274999999999999,3,0.073275000000000007,0.82682500000000003,0.86309283000000003,0.49814836000000001,0.59999999999999998,0.72413793000000004,0.24746457059999999,0.51314430089999996,0.01077502221
151673,BANKSY,0,2.145,2,0.91774999999999995,0.95625000000000004,0.77994808999999998,0.88679244999999995,0.92307691999999997,1,0.37548292680000001,0.99663553329999999,0.39443775590000002
151673,SEDR,1,1,1,1,1,0.73886931720000004,0.73913043479999985,0.80180180180000005,0.80999180999999987,0.59552172195399988,0.76968931399399987,0.016010789285699899
151674,GraphST,0,4.3475000000000001,5,0.057006250000000001,0.1719874999999999,0.76524075999999996,0.68779376000000003,0.73913043,0.78571429000000004,0.1968041884,0.74436936149999999,0.17159130510000001
151674,STAGATE,0,3.7949999999999999,4,0.1131375,0.376975,0.67800437999999996,0.67366946999999999,0.71676982,0.80180180000000001,0.2347850074,0.61528111289999998,0.063618418879999999
151674,SpaGCN,0,2.5674999999999999,2,0.57461874999999984,0.88263749999999985,0.77584315000000004,0.76991149999999997,0.81818181999999995,0.86915887999999997,0.2362401589,0.86753700680000001,0.14908558190000001
151674,BANKSY,0,3.29,3,0.25523750000000001,0.56840000000000002,0.87454091,0.76991149999999997,0.92307691999999997,1,0.21566716120000001,0.9661509962,0.22268801839999999
151674,SEDR,1,1,1,1,1,0.84244085859999995,0.66678241540000005,0.6949152542,0.80180180180000005,0.64931700598300002,0.80480742580800002,0.0923933698842999
151675,GraphST,0,4.7975000000000003,5,0,0.018499999999999898,0.0085231999999999999,0.75438596000000002,0.78571429000000004,0.73913043,0.1363560583,0.72929979330000005,0.2024293576
151675,STAGATE,0,3.8574999999999999,4,0.0043750000000000004,0.236375,0.60310611999999997,0.52671756000000003,0.61290323000000002,0.73913043,0.20531856649999999,0.72998443339999997,0.1118982738
151675,SpaGCN,0,2.5525000000000002,3,0.455625,0.99187499999999995,0.81769046999999995,0.52671756000000003,0.59999999999999998,0.78571429000000004,0.2354368671,0.84235734240000004,0.29911267429999999
151675,BANKSY,0,2.7925,2,0.54000000000000004,0.75324999999999986,0.75635724000000004,0.68067226999999997,0.5625,1,0.2184323095,0.69738926720000005,0.092533722639999996
151675,SEDR,1,1,1,1,1,0.77466097229999986,0.63934426229999985,0.72413793100000001,0.78571428570000001,0.55030532381300001,0.87742909059700003,0.129537465145
151676,GraphST,0,4.7474999999999996,5,0,0.016250000000000001,0.33910339,0.73913043,0.75438596000000002,0.76991149999999997,0.16627879440000001,0.74429320649999997,0.15883525800000001
151676,STAGATE,0,4.0350000000000001,4,0.0062500000000000003,0.14449999999999991,0.19627411,0.76991149999999997,0.75438596000000002,0.80180180000000001,0.18138494250000001,0.78108454679999995,0.15431943040000001
151676,SpaGCN,0,2.6699999999999999,3,0.34875,0.98124999999999996,0.77034137999999996,0.63934426,0.68067226999999997,0.72413793000000004,0.23181718640000001,0.73137108620000002,0.12285262800000001
151676,BANKSY,0,2.5474999999999999,2,0.64500000000000002,0.85799999999999987,0.94432271999999995,0.59999999999999998,0.92307691999999997,0.98019802,0.24710829400000001,0.98924171490000001,0.32079146110000001
151676,SEDR,1,1,1,1,1,0.66132170970000004,0.72413793100000001,0.73913043479999985,0.78571428570000001,0.56402992894399995,0.809204532019,0.0626744766530999
STARmap,GraphST,0.0106625,2.8849999999999998,3,0.18454999999999991,0.91978749999999998,0.81013659000000005,0.51515151999999997,0.63268025999999999,0.73913043,0.52765654370000004,0.83964263930000005,0.2356064735
STARmap,STAGATE,0,4.8574999999999999,5,0,0,0.81725716000000004,0.68067226999999997,0.76991149999999997,0.78571429000000004,0.31565850080000002,0.83086393140000003,0.18152793480000001
STARmap,SpaGCN,0.00029999999999990001,4.0374999999999996,4,0.0066499999999998999,0.098049999999999901,0.85019789000000001,0.51515151999999997,0.61290323000000002,0.74675820000000004,0.4457124851,0.80758307910000005,0.3044953238
STARmap,BANKSY,0.52118750000000003,1.605,1,0.87975000000000003,0.99406249999999996,0.82858527999999998,0.80180180000000001,0.88679244999999995,0.96078430999999997,0.56157682229999994,0.95448626169999995,0.068377901589999998
STARmap,SEDR,0.46784999999999988,1.615,2,0.92905000000000004,0.98809999999999998,0.70398324540000001,0.70940170940000002,0.83486238530000001,0.83486238530000001,0.53665051979,0.94221687804499998,0.186814378497
HBCA1,GraphST,0.0011249999999999,3.48,4,0.033750000000000002,0.48512499999999992,0.60560088999999995,0.68067226999999997,0.72413793000000004,0.72846303000000001,0.56700605000000004,0.85711624490000005,0.18554690630000001
HBCA1,STAGATE,0.4325,1.5825,2,0.98562499999999997,0.99937500000000001,0.37918161,0.72465060999999997,0.73913043,0.74675820000000004,0.65596815159999999,0.88692460959999997,0.115787482
HBCA1,SpaGCN,0,3.4824999999999999,3,0.002,0.51549999999999985,0.26229867000000001,0.70952658999999996,0.72413793000000004,0.75438596000000002,0.53896238730000001,0.83146670720000004,0.13536677480000001
HBCA1,BANKSY,0.56637499999999985,1.4550000000000001,1,0.97862499999999997,1,0.63245901000000004,0.84335711999999996,0.86050537000000005,0.90476190000000001,0.60243703770000001,0.95603374919999995,0.094543868229999994
HBCA1,SEDR,0,5,5,0,0,0.67576728480000003,0.77428000080000003,0.81006493509999988,0.85201063190000004,0.40853010909900001,0.80176849043999987,0.16366370365800001
Bregma −0.04,GraphST,0,2.1375000000000002,2,0.90973749999999998,0.95827499999999999,0.55407600729999995,0.86082741910000005,0.87896965419999995,0.90484829639999997,0.2370701214,0.757400882,0.42942999710000002
Bregma −0.04,STAGATE,1,1,1,1,1,0.54751015970000005,0.86932215229999998,0.86981214500000004,0.9230769231,0.40152291229999998,0.60441510549999999,0.090365227719999996
Bregma −0.04,SpaGCN,0,4.8224999999999998,5,0.0041625000000000004,0.0458,0.49963937359999999,0.86956714869999996,0.87022075779999997,0.91391941389999998,0.12666049030000001,0.58479137510000001,0.2488639121
Bregma −0.04,BANKSY,0,3.645,4,0.036812499999999901,0.38950000000000001,0.87809020739999999,0.97049116680000003,0.98019801979999999,1,0.15711470220000001,0.99332189859999998,0.35965168479999998
Bregma −0.04,SEDR,0,3.395,3,0.049287499999999901,0.60642499999999988,0.33869676999999992,0.88948306600000004,0.91391941389999998,0.93707991040000005,0.15866719781700001,0.55714211762999988,0.029296432544099901
Bregma −0.09,GraphST,0.0908749999999999,2.1025,2,0.83199999999999985,0.97675000000000001,0.17335348270000001,0.90476190479999996,0.90026954179999996,0.91391941389999998,0.3213864085,0.5546044859,0.072097845679999994
Bregma −0.09,STAGATE,0.88749999999999984,1.1174999999999999,1,0.995,1,0.50924808909999997,0.88679245279999996,0.90493468799999999,0.91391941389999998,0.41877300200000001,0.77727575699999996,0.16504473589999999
Bregma −0.09,SpaGCN,0,4.1574999999999998,4,0.023425000000000001,0.27165,0.81394872070000002,0.89611790079999998,0.92316583090000004,0.94183909560000001,0.2891371465,0.56397195369999997,0.14262569829999999
Bregma −0.09,BANKSY,0,4.0125000000000002,4,0.010075000000000001,0.25035000000000002,0.92734425860000003,0.98019801979999999,1,1,0.23068680959999999,0.99982784940000002,0.049592031940000003
Bregma −0.09,SEDR,0.021624999999999901,3.6099999999999999,3,0.13950000000000001,0.50124999999999986,0.58817754600000005,0.86483212180000002,0.86483212180000002,0.91427001279999998,0.230932418911,0.66278662156299994,0.13994437504099991
Bregma −0.14,GraphST,0.29249999999999993,1.7075,2,1,1,0.4437400218,0.88696039159999995,0.88696039159999995,0.91391941389999998,0.36874271780000001,0.75925814410000003,0.29248956659999997
Bregma −0.14,STAGATE,0.70750000000000002,1.2925,1,1,1,0.7086184673,0.88687642219999996,0.93717143319999996,0.95126594330000003,0.46752854430000002,0.77940775250000005,0.2373537745
Bregma −0.14,SpaGCN,0,4.4024999999999999,5,0,0.16850000000000001,0.56143824990000002,0.93241224789999999,0.93241224789999999,0.94659828079999997,0.25240791369999999,0.65553070120000001,0.1943585142
Bregma −0.14,BANKSY,0,3.9249999999999998,4,0,0.31237500000000001,0.80267698379999997,0.99009900989999999,1,1,0.25941515370000001,0.87262687910000003,0.038261553529999999
Bregma −0.14,SEDR,0,3.6724999999999999,3,0,0.51912499999999995,0.54564221040000005,0.93277310920000001,0.94193061840000003,0.96078431369999995,0.22515669358099991,0.77728472766500001,0.17147010445399991
Bregma −0.19,GraphST,0,2.1225000000000001,2,0.93554999999999999,0.95814999999999995,0.50374799309999996,0.92325473879999997,0.94193061840000003,0.95126594330000003,0.41340274659999998,0.79811751350000004,0.25295146260000001
Bregma −0.19,STAGATE,1,1,1,1,1,0.8837015157,0.85328185329999995,0.90476190479999996,0.95126594330000003,0.61532275729999997,0.72478265399999997,0.118447277
Bregma −0.19,SpaGCN,0,4.1524999999999999,5,0.032274999999999901,0.35020000000000001,0.77384928819999999,0.91391941389999998,0.92325473879999997,0.94174757279999999,0.30688189799999999,0.57351659310000003,0.20583190740000001
Bregma −0.19,BANKSY,0,4.0724999999999998,4,0.0104,0.230325,NA,1,1,1,0.28041869920000001,0.99881646989999995,0.0029742648980000002
Bregma −0.19,SEDR,0,3.6524999999999999,4,0.021774999999999899,0.46132499999999987,0.67567810930000005,0.92325473879999997,0.94193061840000003,0.96078431369999995,0.28527483370899992,0.91268665500000001,0.18862387916699991
Bregma −0.24,GraphST,0.0074999999999999,2,2,0.99275000000000002,0.99975000000000003,0.4406518109,0.91391941389999998,0.93241224789999999,0.93241224789999999,0.43335146540000002,0.70024300449999999,0.2006389371
Bregma −0.24,STAGATE,0.99250000000000005,1.0075000000000001,1,1,1,0.74208767939999998,0.82743658210000004,0.88679245279999996,0.92783349339999999,0.57341058860000005,0.76454508580000002,0.1632780482
Bregma −0.24,SpaGCN,0,3.9375,4,0.0047499999999999001,0.36449999999999988,0.62458728949999998,0.93277310920000001,0.94659828079999997,0.96573198149999995,0.25877164990000001,0.6634558197,0.17803466439999999
Bregma −0.24,BANKSY,0,3.5299999999999998,3,0,0.53812499999999985,0.67079364050000001,0.98019801979999999,0.98019801979999999,1,0.2637704635,0.98350745839999998,0.33598861060000001
Bregma −0.24,SEDR,0,4.5250000000000004,5,0.0025000000000000001,0.097625000000000003,0.84713267609999987,0.87797566569999985,0.94193061840000003,0.96078431369999995,0.18225806422599991,0.945148007889,0.32892400572800001
