section,dataset_display,method,partition_ari_tertile,n_pairs,median_pairwise_partition_ari,median_top100_marker_jaccard,median_top50_marker_jaccard,median_marker_rank_spearman,section_display
151507,151507,GraphST,High,37,0.56124862,0.8018018,0.85185185,0.92717213,151507
151507,151507,GraphST,Low,38,0.41337398,0.73913043,0.75438596,0.86678659,151507
151507,151507,GraphST,Middle,38,0.47861151,0.81818182,0.85185185,0.92593849,151507
151507,151507,STAGATE,High,26,0.84865632,0.88679245,0.88679245,0.96593097,151507
151507,151507,STAGATE,Low,27,0.56066357,0.7699115,0.78571429,0.91011548,151507
151507,151507,STAGATE,Middle,27,0.82703126,0.88679245,0.88679245,0.95971532,151507
151507,151507,SpaGCN,High,15,0.6992917,0.80194805,0.80194805,0.94328395,151507
151507,151507,SpaGCN,Low,15,0.53172298,0.58251232,0.51515152,0.76691353,151507
151507,151507,SpaGCN,Middle,15,0.63424171,0.75438596,0.75438596,0.91155181,151507
151507,151507,BANKSY,High,19,0.99847265,1,1,1,151507
151507,151507,BANKSY,Low,20,0.5749921,0.73913043,0.75438596,0.89586095,151507
151507,151507,BANKSY,Middle,19,0.99047884,0.98019802,1,0.99962462,151507
151507,151507,SEDR,High,24,0.75420442830000001,0.77781289509999996,0.72413793100000001,0.90243279030000001,151507
151507,151507,SEDR,Low,25,0.60120830049999996,0.63934426229999997,0.61290322580000001,0.83646982089999999,151507
151507,151507,SEDR,Middle,24,0.6786663289,0.70940170940000002,0.65300546449999997,0.85439644579999996,151507
151508,151508,GraphST,High,16,0.59739652,0.8265221,0.80194805,0.9137079,151508
151508,151508,GraphST,Low,17,0.43601521,0.75438596,0.72413793,0.82324213,151508
151508,151508,GraphST,Middle,17,0.52815099,0.8018018,0.81818182,0.90207905,151508
151508,151508,STAGATE,High,17,0.89505271,0.81818182,0.81818182,0.94727627,151508
151508,151508,STAGATE,Low,17,0.6952479,0.8018018,0.78571429,0.91214096,151508
151508,151508,STAGATE,Middle,17,0.82705966,0.86915888,0.81818182,0.94633433,151508
151508,151508,SpaGCN,High,18,0.59003975,0.70940171,0.69491525,0.84904859,151508
151508,151508,SpaGCN,Low,19,0.40868626,0.53846154,0.53846154,0.7480651,151508
151508,151508,SpaGCN,Middle,18,0.46500739,0.65300546,0.5625,0.76811899,151508
151508,151508,BANKSY,High,16,0.95379835,0.88679245,0.90493469,0.9781402,151508
151508,151508,BANKSY,Low,17,0.72213062,0.75438596,0.75438596,0.85180586,151508
151508,151508,BANKSY,Middle,17,0.80438581,0.75438596,0.78571429,0.85870626,151508
151508,151508,SEDR,High,30,0.80079025699999995,0.81818181820000002,0.83501683500000001,0.92506669990000001,151508
151508,151508,SEDR,Low,30,0.68750768620000002,0.70940170940000002,0.739261948,0.85618610250000005,151508
151508,151508,SEDR,Middle,30,0.73271354629999996,0.7699115044,0.78571428570000001,0.89252703249999998,151508
151509,151509,GraphST,High,18,0.59038892,0.8018018,0.81818182,0.90519708,151509
151509,151509,GraphST,Low,19,0.4004263,0.75438596,0.75438596,0.87947916,151509
151509,151509,GraphST,Middle,19,0.49944244,0.75438596,0.75438596,0.88983663,151509
151509,151509,STAGATE,High,29,0.91303935,0.86915888,0.92307692,0.97800393,151509
151509,151509,STAGATE,Low,30,0.8095973,0.86050537,0.90493469,0.97181593,151509
151509,151509,STAGATE,Middle,30,0.90027442,0.87797567,0.92307692,0.97509187,151509
151509,151509,SpaGCN,High,23,0.6456042,0.8018018,0.81818182,0.93696987,151509
151509,151509,SpaGCN,Low,23,0.47477405,0.72413793,0.72413793,0.87987349,151509
151509,151509,SpaGCN,Middle,23,0.54166722,0.75438596,0.75438596,0.90042001,151509
151509,151509,BANKSY,High,14,0.99894421,1,1,0.99982795,151509
151509,151509,BANKSY,Low,15,0.94138903,0.92307692,0.88679245,0.98166629,151509
151509,151509,BANKSY,Middle,14,0.97834882,0.96078431,0.92307692,0.99186558,151509
151509,151509,SEDR,High,10,0.74525633830000004,0.71702284449999998,0.77005012530000005,0.87617937140000002,151509
151509,151509,SEDR,Low,10,0.60110679249999999,0.64611841209999998,0.66666666669999997,0.83062699470000001,151509
151509,151509,SEDR,Middle,10,0.65317022999999996,0.65977961429999998,0.69540229890000005,0.87116184900000004,151509
151510,151510,GraphST,High,15,0.6213612,0.78571429,0.78571429,0.91018061,151510
151510,151510,GraphST,Low,16,0.43000276,0.68779376,0.69491525,0.84022811,151510
151510,151510,GraphST,Middle,16,0.5130686,0.69503699,0.73926195,0.84433912,151510
151510,151510,STAGATE,High,16,0.77612131,0.84335712,0.85185185,0.95554938,151510
151510,151510,STAGATE,Low,16,0.44086754,0.62601626,0.62612374,0.82238789,151510
151510,151510,STAGATE,Middle,16,0.55963963,0.74702472,0.78571429,0.874947,151510
151510,151510,SpaGCN,High,19,0.63050278,0.72413793,0.78571429,0.91374851,151510
151510,151510,SpaGCN,Low,19,0.46672105,0.65289256,0.69491525,0.83182762,151510
151510,151510,SpaGCN,Middle,19,0.53270822,0.69491525,0.75438596,0.87630916,151510
151510,151510,BANKSY,High,22,0.92396387,0.86915888,0.88679245,0.96704454,151510
151510,151510,BANKSY,Low,23,0.43509305,0.48148148,0.47058824,0.66323947,151510
151510,151510,BANKSY,Middle,23,0.77373698,0.78571429,0.81818182,0.91204508,151510
151510,151510,SEDR,High,13,0.70193038129999996,0.73913043479999996,0.75438596489999998,0.87692174540000001,151510
151510,151510,SEDR,Low,14,0.56130537430000005,0.63945441110000001,0.63934426229999997,0.79587106110000005,151510
151510,151510,SEDR,Middle,14,0.62416570049999998,0.70940170940000002,0.72413793100000001,0.86156791619999995,151510
151669,151669,GraphST,High,14,0.49863945,0.61290323,0.69491525,0.838154,151669
151669,151669,GraphST,Low,15,0.41581429,0.49253731,0.58730159,0.80939627,151669
151669,151669,GraphST,Middle,14,0.48177526,0.56865157,0.68079096,0.82082314,151669
151669,151669,STAGATE,High,42,0.77040896,0.70940171,0.80194805,0.91377027,151669
151669,151669,STAGATE,Low,43,0.7395279,0.69491525,0.78571429,0.91114569,151669
151669,151669,STAGATE,Middle,43,0.7529234,0.70940171,0.78571429,0.91046283,151669
151669,151669,SpaGCN,High,21,0.60876024,0.65289256,0.66666667,0.84412048,151669
151669,151669,SpaGCN,Low,21,0.40514541,0.42857143,0.49253731,0.68625702,151669
151669,151669,SpaGCN,Middle,21,0.48888806,0.5503876,0.5625,0.76805746,151669
151669,151669,BANKSY,High,57,0.99923661,1,1,1,151669
151669,151669,BANKSY,Low,57,0.92166482,0.75438596,0.81818182,0.985178,151669
151669,151669,BANKSY,Middle,57,0.99578462,0.96078431,0.96078431,0.99841551,151669
151669,151669,SEDR,High,14,0.71783919080000003,0.73163418290000004,0.81818181820000002,0.94842949379999997,151669
151669,151669,SEDR,Low,15,0.54313565679999998,0.62601626020000001,0.72413793100000001,0.91825212339999995,151669
151669,151669,SEDR,Middle,14,0.62193316610000005,0.6949152542,0.77005012530000005,0.92939092280000002,151669
151670,151670,GraphST,High,20,0.47068846,0.57490079,0.66666667,0.84093378,151670
151670,151670,GraphST,Low,21,0.33854481,0.53846154,0.61290323,0.8436491,151670
151670,151670,GraphST,Middle,21,0.38290631,0.57480315,0.58730159,0.84831544,151670
151670,151670,STAGATE,High,9,0.69292906,0.66666667,0.75438596,0.9157306,151670
151670,151670,STAGATE,Low,10,0.5793904,0.49253731,0.53846154,0.73246577,151670
151670,151670,STAGATE,Middle,10,0.65957073,0.65977961,0.70952659,0.9161383,151670
151670,151670,SpaGCN,High,24,0.4769166,0.44421272,0.52698048,0.74949255,151670
151670,151670,SpaGCN,Low,25,0.34379109,0.27388535,0.2987013,0.5037341,151670
151670,151670,SpaGCN,Middle,24,0.39654564,0.34681662,0.3986698,0.60952011,151670
151670,151670,BANKSY,High,6,0.97536645,0.90545323,0.90493469,0.99066928,151670
151670,151670,BANKSY,Low,7,0.72220366,0.5037594,0.49253731,0.85183921,151670
151670,151670,BANKSY,Middle,6,0.86258135,0.75560176,0.83501684,0.92018544,151670
151670,151670,SEDR,High,16,0.71826014149999995,0.68067226889999999,0.75438596489999998,0.92375679980000003,151670
151670,151670,SEDR,Low,16,0.54547544059999997,0.50375939849999996,0.60010240660000003,0.82714807899999998,151670
151670,151670,SEDR,Middle,16,0.60708910540000005,0.48148148149999997,0.57490079370000002,0.80174344310000001,151670
151671,151671,GraphST,High,24,0.59064118,0.58730159,0.68079096,0.84412579,151671
151671,151671,GraphST,Low,24,0.51275021,0.51515152,0.61290323,0.80449591,151671
151671,151671,GraphST,Middle,24,0.56487229,0.56865157,0.63934426,0.81393222,151671
151671,151671,STAGATE,High,23,0.74886605,0.68067227,0.75438596,0.90314933,151671
151671,151671,STAGATE,Low,24,0.63678401,0.53258955,0.58730159,0.83421373,151671
151671,151671,STAGATE,Middle,23,0.70461169,0.62601626,0.69491525,0.87063131,151671
151671,151671,SpaGCN,High,24,0.54468106,0.5625,0.58730159,0.89009897,151671
151671,151671,SpaGCN,Low,25,0.38359939,0.38888889,0.4084507,0.71380139,151671
151671,151671,SpaGCN,Middle,24,0.4764304,0.49253731,0.51515152,0.84904152,151671
151671,151671,BANKSY,High,44,0.94770256,0.86915888,0.88679245,0.98024173,151671
151671,151671,BANKSY,Low,45,0.86000777,0.72413793,0.75438596,0.90872904,151671
151671,151671,BANKSY,Middle,44,0.89869965,0.8018018,0.78571429,0.92895411,151671
151671,151671,SEDR,High,14,0.80949319949999998,0.69503698920000001,0.75438596489999998,0.92890594209999999,151671
151671,151671,SEDR,Low,15,0.60137120799999999,0.61290322580000001,0.61290322580000001,0.82078389249999995,151671
151671,151671,SEDR,Middle,14,0.67441868540000005,0.66666666669999997,0.70952659259999995,0.89346526510000002,151671
151672,151672,GraphST,High,24,0.51536882,0.51515152,0.5625,0.80115685,151672
151672,151672,GraphST,Low,25,0.43463939,0.44927536,0.51515152,0.75293848,151672
151672,151672,GraphST,Middle,25,0.48014131,0.51515152,0.53846154,0.82022432,151672
151672,151672,STAGATE,High,40,0.72641566,0.62601626,0.69491525,0.88299315,151672
151672,151672,STAGATE,Low,40,0.62093321,0.53846154,0.5625,0.81398068,151672
151672,151672,STAGATE,Middle,40,0.66551287,0.56865157,0.61290323,0.81212005,151672
151672,151672,SpaGCN,High,23,0.50203908,0.6,0.61290323,0.80548187,151672
151672,151672,SpaGCN,Low,23,0.36793,0.43884892,0.44927536,0.70055488,151672
151672,151672,SpaGCN,Middle,23,0.43118235,0.52671756,0.51515152,0.77504348,151672
151672,151672,BANKSY,High,27,0.98655325,0.92307692,0.92307692,0.99333727,151672
151672,151672,BANKSY,Low,28,0.83186319,0.63934426,0.61290323,0.91585664,151672
151672,151672,BANKSY,Middle,28,0.87286693,0.72465061,0.77115987,0.94825492,151672
151672,151672,SEDR,High,21,0.82535041519999996,0.78571428570000001,0.78571428570000001,0.95306156320000002,151672
151672,151672,SEDR,Low,22,0.66645654600000004,0.70215848179999996,0.739261948,0.94481970299999996,151672
151672,151672,SEDR,Middle,21,0.78264557589999995,0.7699115044,0.75438596489999998,0.94786534929999999,151672
151673,151673,GraphST,High,46,0.65837156,0.78571429,0.85185185,0.92885262,151673
151673,151673,GraphST,Low,47,0.57544683,0.70940171,0.78571429,0.91041054,151673
151673,151673,GraphST,Middle,47,0.62033601,0.75438596,0.81818182,0.91922274,151673
151673,151673,STAGATE,High,25,0.74716019,0.8018018,0.85185185,0.94724627,151673
151673,151673,STAGATE,Low,26,0.55167639,0.70940171,0.75438596,0.90488843,151673
151673,151673,STAGATE,Middle,26,0.71223032,0.7699115,0.85185185,0.93982295,151673
151673,151673,SpaGCN,High,23,0.70646415,0.72413793,0.75438596,0.95429749,151673
151673,151673,SpaGCN,Low,24,0.50666657,0.49814836,0.5625,0.86299368,151673
151673,151673,SpaGCN,Middle,23,0.55631241,0.6,0.66666667,0.89467979,151673
151673,151673,BANKSY,High,25,0.99824045,1,1,1,151673
151673,151673,BANKSY,Low,26,0.58179643,0.88679245,0.88679245,0.97365146,151673
151673,151673,BANKSY,Middle,25,0.93140576,0.92307692,0.88679245,0.98735366,151673
151673,151673,SEDR,High,14,0.85058390640000003,0.80999180999999998,0.83501683500000001,0.96022120450000004,151673
151673,151673,SEDR,Low,15,0.71832648320000003,0.73913043479999996,0.72413793100000001,0.92068584539999998,151673
151673,151673,SEDR,Middle,15,0.79295872190000005,0.80180180180000005,0.81818181820000002,0.95086601230000001,151673
151674,151674,GraphST,High,25,0.64300674,0.78571429,0.85185185,0.92049648,151674
151674,151674,GraphST,Low,26,0.54466405,0.68779376,0.78571429,0.89201034,151674
151674,151674,GraphST,Middle,26,0.59028431,0.73913043,0.85185185,0.90680483,151674
151674,151674,STAGATE,High,31,0.68523049,0.8018018,0.85185185,0.9317686,151674
151674,151674,STAGATE,Low,32,0.48331255,0.67366947,0.77005013,0.8895913,151674
151674,151674,STAGATE,Middle,32,0.57315805,0.71676982,0.78571429,0.9118894,151674
151674,151674,SpaGCN,High,39,0.79512271,0.86915888,0.85185185,0.9597856,151674
151674,151674,SpaGCN,Low,39,0.685679,0.7699115,0.78571429,0.93051113,151674
151674,151674,SpaGCN,Middle,39,0.75265746,0.81818182,0.81818182,0.94950893,151674
151674,151674,BANKSY,High,29,0.99713417,1,1,1,151674
151674,151674,BANKSY,Low,29,0.64957368,0.7699115,0.85185185,0.939451,151674
151674,151674,BANKSY,Middle,29,0.84833826,0.92307692,0.92307692,0.99247503,151674
151674,151674,SEDR,High,11,0.84339052810000004,0.80180180180000005,0.81818181820000002,0.94978302150000005,151674
151674,151674,SEDR,Low,12,0.63700664090000003,0.66678241540000005,0.6949152542,0.87596205530000004,151674
151674,151674,SEDR,Middle,12,0.73752199409999997,0.6949152542,0.739261948,0.90098207029999999,151674
151675,151675,GraphST,High,38,0.61080653,0.73913043,0.75438596,0.91250215,151675
151675,151675,GraphST,Low,39,0.47951025,0.75438596,0.69491525,0.90342233,151675
151675,151675,GraphST,Middle,38,0.54426206,0.78571429,0.75438596,0.90474716,151675
151675,151675,STAGATE,High,26,0.68724933,0.73913043,0.75438596,0.90959894,151675
151675,151675,STAGATE,Low,26,0.55963699,0.52671756,0.62612374,0.84238242,151675
151675,151675,STAGATE,Middle,26,0.62953985,0.61290323,0.69491525,0.88466654,151675
151675,151675,SpaGCN,High,32,0.78615206,0.78571429,0.80194805,0.95557595,151675
151675,151675,SpaGCN,Low,33,0.47157431,0.52671756,0.5625,0.88412364,151675
151675,151675,SpaGCN,Middle,33,0.55603176,0.6,0.61290323,0.92565326,151675
151675,151675,BANKSY,High,12,0.99518877,1,1,0.99993929,151675
151675,151675,BANKSY,Low,13,0.61376729,0.68067227,0.61290323,0.93119371,151675
151675,151675,BANKSY,Middle,13,0.75568016,0.5625,0.78571429,0.92398883,151675
151675,151675,SEDR,High,17,0.7979733228,0.78571428570000001,0.81818181820000002,0.93772841439999999,151675
151675,151675,SEDR,Low,18,0.69222079839999995,0.63934426229999997,0.66666666669999997,0.8877408644,151675
151675,151675,SEDR,Middle,17,0.7596051976,0.72413793100000001,0.75438596489999998,0.91992009689999998,151675
151676,151676,GraphST,High,52,0.6130542,0.7699115,0.78571429,0.90930892,151676
151676,151676,GraphST,Low,53,0.5676431,0.73913043,0.75438596,0.89549334,151676
151676,151676,GraphST,Middle,52,0.59159095,0.75438596,0.75438596,0.90321741,151676
151676,151676,STAGATE,High,37,0.69127153,0.8018018,0.78571429,0.90926315,151676
151676,151676,STAGATE,Low,37,0.57522147,0.7699115,0.75438596,0.87914334,151676
151676,151676,STAGATE,Middle,37,0.63858935,0.75438596,0.75438596,0.89209337,151676
151676,151676,SpaGCN,High,40,0.69167236,0.72413793,0.75438596,0.94453453,151676
151676,151676,SpaGCN,Low,41,0.55636101,0.63934426,0.69491525,0.91242914,151676
151676,151676,SpaGCN,Middle,41,0.61773048,0.68067227,0.72413793,0.93249803,151676
151676,151676,BANKSY,High,29,0.99319232,0.98019802,0.96078431,0.99874255,151676
151676,151676,BANKSY,Low,29,0.58013746,0.6,0.63934426,0.87846487,151676
151676,151676,BANKSY,Middle,29,0.82531273,0.92307692,0.85185185,0.98046018,151676
151676,151676,SEDR,High,17,0.83063745200000005,0.78571428570000001,0.78571428570000001,0.94393245020000005,151676
151676,151676,SEDR,Low,17,0.74005754089999998,0.72413793100000001,0.72413793100000001,0.91259473700000004,151676
151676,151676,SEDR,Middle,17,0.77687936810000002,0.73913043479999996,0.75438596489999998,0.92654124829999995,151676
STARmap_20180505_BY3_1k,STARmap,GraphST,High,24,0.70122227,0.73913043,0.75438596,0.94451547,STARmap
STARmap_20180505_BY3_1k,STARmap,GraphST,Low,25,0.56266757,0.51515152,0.51515152,0.83174561,STARmap
STARmap_20180505_BY3_1k,STARmap,GraphST,Middle,24,0.64632825,0.63268026,0.63934426,0.89687642,STARmap
STARmap_20180505_BY3_1k,STARmap,STAGATE,High,33,0.73364548,0.78571429,0.81818182,0.95763968,STARmap
STARmap_20180505_BY3_1k,STARmap,STAGATE,Low,34,0.59576219,0.68067227,0.72413793,0.91018843,STARmap
STARmap_20180505_BY3_1k,STARmap,STAGATE,Middle,34,0.69699723,0.7699115,0.81818182,0.94597793,STARmap
STARmap_20180505_BY3_1k,STARmap,SpaGCN,High,8,0.69615665,0.7467582,0.75438596,0.94773401,STARmap
STARmap_20180505_BY3_1k,STARmap,SpaGCN,Low,9,0.43415262,0.51515152,0.51515152,0.80019046,STARmap
STARmap_20180505_BY3_1k,STARmap,SpaGCN,Middle,9,0.56710332,0.61290323,0.63934426,0.90851574,STARmap
STARmap_20180505_BY3_1k,STARmap,BANKSY,High,34,0.98242218,0.96078431,1,0.99853139,STARmap
STARmap_20180505_BY3_1k,STARmap,BANKSY,Low,34,0.88835298,0.8018018,0.81818182,0.97013515,STARmap
STARmap_20180505_BY3_1k,STARmap,BANKSY,Middle,34,0.94500521,0.88679245,0.92307692,0.98880773,STARmap
STARmap_20180505_BY3_1k,STARmap,SEDR,High,17,0.8620002886,0.83486238530000001,0.85185185190000001,0.9777788194,STARmap
STARmap_20180505_BY3_1k,STARmap,SEDR,Low,18,0.75821059160000004,0.70940170940000002,0.6949152542,0.93189387800000001,STARmap
STARmap_20180505_BY3_1k,STARmap,SEDR,Middle,17,0.81757702109999997,0.83486238530000001,0.78571428570000001,0.97697804060000004,STARmap
HBCA1,HBCA1,GraphST,High,24,0.72786591,0.72846303,0.75438596,0.89340463,HBCA1
HBCA1,HBCA1,GraphST,Low,25,0.62220754,0.68067227,0.6954023,0.8645199,HBCA1
HBCA1,HBCA1,GraphST,Middle,25,0.69613778,0.72413793,0.70952659,0.87037464,HBCA1
HBCA1,HBCA1,STAGATE,High,31,0.81137874,0.7467582,0.72465061,0.9027094,HBCA1
HBCA1,HBCA1,STAGATE,Low,31,0.77195179,0.72465061,0.72413793,0.89012891,HBCA1
HBCA1,HBCA1,STAGATE,Middle,31,0.79187545,0.73913043,0.70952659,0.8966951,HBCA1
HBCA1,HBCA1,SpaGCN,High,32,0.7393738,0.75438596,0.75438596,0.90677397,HBCA1
HBCA1,HBCA1,SpaGCN,Low,33,0.67394195,0.70952659,0.72413793,0.88682304,HBCA1
HBCA1,HBCA1,SpaGCN,Middle,33,0.7087343,0.72413793,0.72413793,0.88748997,HBCA1
HBCA1,HBCA1,BANKSY,High,25,0.93870541,0.9047619,0.88679245,0.9810492,HBCA1
HBCA1,HBCA1,BANKSY,Low,26,0.88075418,0.84335712,0.82780302,0.95304458,HBCA1
HBCA1,HBCA1,BANKSY,Middle,26,0.91622062,0.86050537,0.85185185,0.96963147,HBCA1
HBCA1,HBCA1,SEDR,High,22,0.76288458849999996,0.85201063190000004,0.87805730260000003,0.94717563500000002,HBCA1
HBCA1,HBCA1,SEDR,Low,22,0.59528285319999996,0.77428000080000003,0.78856887249999996,0.90860272500000006,HBCA1
HBCA1,HBCA1,SEDR,Middle,22,0.67198122959999995,0.81006493509999999,0.83501683500000001,0.93775932630000003,HBCA1
MERFISH_Bregma_m0.04,,GraphST,High,28,0.49305131,0.9048482964,0.8181818182,0.9692525217,Bregma -0.04
MERFISH_Bregma_m0.04,,GraphST,Low,29,0.2750405501,0.8608274191,0.7549261084,0.9401179466,Bregma -0.04
MERFISH_Bregma_m0.04,,GraphST,Middle,29,0.3667959172,0.8789696542,0.773383553,0.9491589056,Bregma -0.04
MERFISH_Bregma_m0.04,,STAGATE,High,9,0.6898050357,0.9230769231,0.8867924528,0.9887048435,Bregma -0.04
MERFISH_Bregma_m0.04,,STAGATE,Low,9,0.4142117714,0.8693221523,0.7549261084,0.9500322258,Bregma -0.04
MERFISH_Bregma_m0.04,,STAGATE,Middle,9,0.562689995,0.869812145,0.7565485362,0.930384132,Bregma -0.04
MERFISH_Bregma_m0.04,,SpaGCN,High,23,0.4171500573,0.9139194139,0.8524871355,0.9770294222,Bregma -0.04
MERFISH_Bregma_m0.04,,SpaGCN,Low,24,0.2978801954,0.8695671487,0.7241698799,0.9309190809,Bregma -0.04
MERFISH_Bregma_m0.04,,SpaGCN,Middle,24,0.355239025,0.8702207578,0.7434474297,0.9352300925,Bregma -0.04
MERFISH_Bregma_m0.04,,BANKSY,High,41,0.9989826553,1,1,1,Bregma -0.04
MERFISH_Bregma_m0.04,,BANKSY,Low,41,0.5144913228,0.9704911668,0.9433962264,0.9984338242,Bregma -0.04
MERFISH_Bregma_m0.04,,BANKSY,Middle,41,0.6857415248,0.9801980198,0.9607843137,0.9984338242,Bregma -0.04
MERFISH_Bregma_m0.04,Bregma -0.04,SEDR,High,34,0.68757950690000003,0.93707991040000005,0.88712842010000004,0.98247800590000001,Bregma -0.04
MERFISH_Bregma_m0.04,Bregma -0.04,SEDR,Low,35,0.47592845680000001,0.88948306600000004,0.82058920889999998,0.96406013339999996,Bregma -0.04
MERFISH_Bregma_m0.04,Bregma -0.04,SEDR,Middle,34,0.56804828910000005,0.91391941389999998,0.86090464389999999,0.97086542490000005,Bregma -0.04
MERFISH_Bregma_m0.09,,GraphST,High,16,0.5834571531,0.9139194139,0.8693221523,0.9838854694,Bregma -0.09
MERFISH_Bregma_m0.09,,GraphST,Low,16,0.4489018667,0.9047619048,0.8693221523,0.9782604492,Bregma -0.09
MERFISH_Bregma_m0.09,,GraphST,Middle,16,0.5253628531,0.9002695418,0.8780573026,0.9786511875,Bregma -0.09
MERFISH_Bregma_m0.09,,STAGATE,High,22,0.7191340395,0.9139194139,0.8524871355,0.9809255261,Bregma -0.09
MERFISH_Bregma_m0.09,,STAGATE,Low,23,0.5370760654,0.8867924528,0.8019480519,0.9579726725,Bregma -0.09
MERFISH_Bregma_m0.09,,STAGATE,Middle,22,0.6060301672,0.904934688,0.8181818182,0.9630595211,Bregma -0.09
MERFISH_Bregma_m0.09,,SpaGCN,High,12,0.538759103,0.9418390956,0.8693221523,0.9921086978,Bregma -0.09
MERFISH_Bregma_m0.09,,SpaGCN,Low,12,0.3594224439,0.8961179008,0.8031189084,0.9641584222,Bregma -0.09
MERFISH_Bregma_m0.09,,SpaGCN,Middle,12,0.4555560213,0.9231658309,0.8362533693,0.9854242532,Bregma -0.09
MERFISH_Bregma_m0.09,,BANKSY,High,42,1,1,1,1,Bregma -0.09
MERFISH_Bregma_m0.09,,BANKSY,Low,42,0.943341396,0.9801980198,0.9607843137,0.9996648513,Bregma -0.09
MERFISH_Bregma_m0.09,,BANKSY,Middle,42,0.9891745097,1,1,0.999856595,Bregma -0.09
MERFISH_Bregma_m0.09,Bregma -0.09,SEDR,High,7,0.69841072609999999,0.91427001279999998,0.79085385350000004,0.96436466759999995,Bregma -0.09
MERFISH_Bregma_m0.09,Bregma -0.09,SEDR,Low,8,0.50941879010000002,0.86483212180000002,0.75293030559999996,0.93628710000000004,Bregma -0.09
MERFISH_Bregma_m0.09,Bregma -0.09,SEDR,Middle,8,0.55156670890000004,0.86483212180000002,0.69670897799999998,0.93131143049999998,Bregma -0.09
MERFISH_Bregma_m0.14,,GraphST,High,32,0.5681318014,0.9139194139,0.8787109117,0.9832087268,Bregma -0.14
MERFISH_Bregma_m0.14,,GraphST,Low,32,0.4333557503,0.8869603916,0.773383553,0.960003706,Bregma -0.14
MERFISH_Bregma_m0.14,,GraphST,Middle,32,0.4823372992,0.8869603916,0.8181818182,0.963740292,Bregma -0.14
MERFISH_Bregma_m0.14,,STAGATE,High,14,0.797345653,0.9512659433,0.8867924528,0.9913473623,Bregma -0.14
MERFISH_Bregma_m0.14,,STAGATE,Low,14,0.5376295103,0.8868764222,0.7778822055,0.952491863,Bregma -0.14
MERFISH_Bregma_m0.14,,STAGATE,Middle,14,0.6613654513,0.9371714332,0.8524871355,0.9887862138,Bregma -0.14
MERFISH_Bregma_m0.14,,SpaGCN,High,18,0.5939791631,0.9465982808,0.904934688,0.9930424414,Bregma -0.14
MERFISH_Bregma_m0.14,,SpaGCN,Low,19,0.448932938,0.9324122479,0.8867924528,0.9904611518,Bregma -0.14
MERFISH_Bregma_m0.14,,SpaGCN,Middle,18,0.511111788,0.9324122479,0.8961995377,0.9899680964,Bregma -0.14
MERFISH_Bregma_m0.14,,BANKSY,High,33,0.9979721744,1,1,1,Bregma -0.14
MERFISH_Bregma_m0.14,,BANKSY,Low,33,0.6541704891,0.9900990099,0.9607843137,0.9995069447,Bregma -0.14
MERFISH_Bregma_m0.14,,BANKSY,Middle,33,0.9862476608,1,1,0.9999194354,Bregma -0.14
MERFISH_Bregma_m0.14,Bregma -0.14,SEDR,High,23,0.76453745829999997,0.96078431369999995,0.94193061840000003,0.99763945730000003,Bregma -0.14
MERFISH_Bregma_m0.14,Bregma -0.14,SEDR,Low,23,0.56794906710000004,0.93277310920000001,0.85439560439999995,0.97414520959999995,Bregma -0.14
MERFISH_Bregma_m0.14,Bregma -0.14,SEDR,Middle,23,0.62534311490000005,0.94193061840000003,0.88746438750000001,0.98485546710000005,Bregma -0.14
MERFISH_Bregma_m0.19,,GraphST,High,14,0.6641704421,0.9512659433,0.8867924528,0.9888925591,Bregma -0.19
MERFISH_Bregma_m0.19,,GraphST,Low,15,0.5225107571,0.9232547388,0.8524871355,0.9816506075,Bregma -0.19
MERFISH_Bregma_m0.19,,GraphST,Middle,15,0.5980933219,0.9419306184,0.8693221523,0.9886806742,Bregma -0.19
MERFISH_Bregma_m0.19,,STAGATE,High,15,0.7722701699,0.9512659433,0.9230769231,0.9897844091,Bregma -0.19
MERFISH_Bregma_m0.19,,STAGATE,Low,15,0.5760019502,0.8532818533,0.7261904762,0.9155731365,Bregma -0.19
MERFISH_Bregma_m0.19,,STAGATE,Middle,15,0.6437184351,0.9047619048,0.8019480519,0.9640230737,Bregma -0.19
MERFISH_Bregma_m0.19,,SpaGCN,High,7,0.5269542929,0.9417475728,0.8693221523,0.9897811866,Bregma -0.19
MERFISH_Bregma_m0.19,,SpaGCN,Low,8,0.3443726475,0.9139194139,0.8184824435,0.9772678934,Bregma -0.19
MERFISH_Bregma_m0.19,,SpaGCN,Middle,7,0.4166694656,0.9232547388,0.8693221523,0.983149109,Bregma -0.19
MERFISH_Bregma_m0.19,,BANKSY,High,41,0.9987141437,1,1,1,Bregma -0.19
MERFISH_Bregma_m0.19,,BANKSY,Low,41,0.9954384555,1,1,0.9999532725,Bregma -0.19
MERFISH_Bregma_m0.19,,BANKSY,Middle,41,0.9973384597,1,1,0.9999758306,Bregma -0.19
MERFISH_Bregma_m0.19,Bregma -0.19,SEDR,High,44,0.84249692430000001,0.96078431369999995,0.92343265320000001,0.99702474939999997,Bregma -0.19
MERFISH_Bregma_m0.19,Bregma -0.19,SEDR,Low,45,0.64197812229999995,0.92325473879999997,0.82058920889999998,0.96880216559999999,Bregma -0.19
MERFISH_Bregma_m0.19,Bregma -0.19,SEDR,Middle,45,0.75638873829999997,0.94193061840000003,0.9230769231,0.99333891910000005,Bregma -0.19
MERFISH_Bregma_m0.24,,GraphST,High,19,0.6006397905,0.9324122479,0.8693221523,0.98616867,Bregma -0.24
MERFISH_Bregma_m0.24,,GraphST,Low,20,0.4616914262,0.9139194139,0.835016835,0.9811954175,Bregma -0.24
MERFISH_Bregma_m0.24,,GraphST,Middle,19,0.5290881782,0.9324122479,0.8524871355,0.9861219426,Bregma -0.24
MERFISH_Bregma_m0.24,,STAGATE,High,12,0.7595193441,0.9278334934,0.8871284201,0.9849875931,Bregma -0.24
MERFISH_Bregma_m0.24,,STAGATE,Low,13,0.5506132806,0.8274365821,0.6817410967,0.910210757,Bregma -0.24
MERFISH_Bregma_m0.24,,STAGATE,Middle,13,0.6634514864,0.8867924528,0.835016835,0.9592681512,Bregma -0.24
MERFISH_Bregma_m0.24,,SpaGCN,High,14,0.5709384551,0.9657319815,0.8867924528,0.9942388257,Bregma -0.24
MERFISH_Bregma_m0.24,,SpaGCN,Low,15,0.4455935089,0.9327731092,0.8518518519,0.9847958493,Bregma -0.24
MERFISH_Bregma_m0.24,,SpaGCN,Middle,14,0.5249572229,0.9465982808,0.8693221523,0.9907310432,Bregma -0.24
MERFISH_Bregma_m0.24,,BANKSY,High,37,0.9881853041,1,1,1,Bregma -0.24
MERFISH_Bregma_m0.24,,BANKSY,Low,37,0.6110392937,0.9801980198,0.9607843137,0.999508556,Bregma -0.24
MERFISH_Bregma_m0.24,,BANKSY,Middle,37,0.7171376789,0.9801980198,0.9607843137,0.9995907318,Bregma -0.24
MERFISH_Bregma_m0.24,Bregma -0.24,SEDR,High,19,0.78930523929999996,0.96078431369999995,0.9230769231,0.99652766589999997,Bregma -0.24
MERFISH_Bregma_m0.24,Bregma -0.24,SEDR,Low,19,0.50848784420000004,0.87797566569999996,0.72465060960000005,0.92145435210000004,Bregma -0.24
MERFISH_Bregma_m0.24,Bregma -0.24,SEDR,Middle,19,0.68410350649999996,0.94193061840000003,0.87062937060000001,0.98565789049999997,Bregma -0.24
