section,method,n_seeds,median_reference_ari,reference_ari_sd,reference_ari_min,reference_ari_max,reference_ari_range,median_reference_nmi,reference_nmi_sd,median_pairwise_partition_ari,p05_pairwise_partition_ari,minimum_pairwise_partition_ari,median_pairwise_partition_nmi,partition_instability,section_display,p05_pairwise_partition_nmi,minimum_pairwise_partition_nmi
151507,GraphST,20,0.2588909911,0.01724431232,0.2262248319,0.3042338951,0.07800906316,0.4439423397,0.02248502376,0.458022381,0.368241004,0.3478162928,0.588773811,0.541977619,151507,,
151507,STAGATE,20,0.2506924908,0.06439492743,0.2250664111,0.4170051092,0.1919386982,0.477108698,0.05237016189,0.563090527,0.4318593211,0.2838314916,0.6902837393,0.436909473,151507,,
151507,SpaGCN,20,0.3576455252,0.05235055822,0.2703780632,0.4619630376,0.1915849745,0.4804640699,0.03124088976,0.5324788584,0.3548305888,0.3200154088,0.6154352109,0.4675211416,151507,,
151507,BANKSY,20,0.2456492286,0.03949182433,0.2077447576,0.3322585124,0.1245137548,0.4764049726,0.04460361415,0.6166721553,0.3566389667,0.2776417367,0.7847266765,0.3833278447,151507,,
151507,SEDR,20,0.52662389710299995,0.031467571311600002,0.43391648706699998,0.57519566319299997,0.14127917612599999,0.68175491204600003,0.0203802562465,0.67065921665799999,0.55125413304799997,0.493165068629,0.75402242362899996,0.32934078334200001,151507,0.70018626356345004,0.67263701478600002
151508,GraphST,20,0.2673298617,0.0356795646,0.2009406192,0.3238860157,0.1229453965,0.3949201657,0.02062235165,0.4881163354,0.3596739374,0.3341550049,0.6083504461,0.5118836646,151508,,
151508,STAGATE,20,0.2814171181,0.05621359999,0.2015480986,0.4107281587,0.2091800601,0.4600916877,0.0385640686,0.5569643238,0.400666438,0.3700423476,0.7220065494,0.4430356762,151508,,
151508,SpaGCN,20,0.2855869126,0.03701250967,0.2203792071,0.3604845814,0.1401053744,0.4014458306,0.02912051506,0.459160335,0.3581923449,0.3226998549,0.5526782611,0.540839665,151508,,
151508,BANKSY,20,0.2504349992,0.06180718213,0.1898970008,0.3708336262,0.1809366254,0.4150793712,0.05599759996,0.5404965699,0.4352695215,0.3774281581,0.688730003,0.4595034301,151508,,
151508,SEDR,20,0.50804582683300004,0.0224035408608,0.44572576735399999,0.53210885144999998,0.086383084095599999,0.652057172307,0.013416142927499999,0.72159531608500005,0.55321488257600004,0.49288567879900003,0.78225852600099999,0.27840468391500001,151508,0.69190749830135001,0.65452939746500005
151509,GraphST,20,0.3068516078,0.04647948539,0.2661394937,0.4251023277,0.158962834,0.4723267459,0.0281007104,0.4477543285,0.3188348022,0.2898745137,0.5680593209,0.5522456715,151509,,
151509,STAGATE,20,0.4138940778,0.04138981151,0.3216535539,0.499627496,0.1779739421,0.5409774758,0.02513186625,0.7457305847,0.5126181058,0.4187090649,0.8046687237,0.2542694153,151509,,
151509,SpaGCN,20,0.3361308089,0.03845524017,0.2042837475,0.379367343,0.1750835955,0.4928156277,0.04118302025,0.5197228578,0.4060767475,0.3150616393,0.6280030944,0.4802771422,151509,,
151509,BANKSY,20,0.357908655,0.05354301445,0.2591342597,0.4811860441,0.2220517844,0.5651977921,0.03973613352,0.5067077553,0.3949892032,0.3447636323,0.6750709888,0.4932922447,151509,,
151509,SEDR,20,0.50814178812699995,0.088592859501500004,0.37799666250699998,0.75587680043100003,0.37788013792399999,0.65397253381300002,0.040138550534199999,0.60495269284499997,0.47437788042200002,0.389138898688,0.72401934694299996,0.39504730715500003,151509,0.65555620835554995,0.61194757886399997
151510,GraphST,20,0.3124588271,0.03966713001,0.2032774566,0.3577202511,0.1544427945,0.4613849739,0.02337366417,0.4540235012,0.3273395388,0.2765300278,0.5702105762,0.5459764988,151510,,
151510,STAGATE,20,0.2964647528,0.04357847743,0.2358034927,0.3791734792,0.1433699864,0.4839156945,0.0379064029,0.5263021921,0.3518206353,0.2815326772,0.6334893657,0.4736978079,151510,,
151510,SpaGCN,20,0.3036017473,0.04539119716,0.1705624332,0.3659755379,0.1954131047,0.4514793071,0.0434361693,0.4990030914,0.2833104653,0.2570513036,0.5876451092,0.5009969086,151510,,
151510,BANKSY,20,0.3374386241,0.02933684133,0.2775809357,0.3726699119,0.09508897617,0.5257567569,0.03899519876,0.5159709416,0.4077368641,0.3443972609,0.6912865507,0.4840290584,151510,,
151510,SEDR,20,0.46733041006800002,0.043348300609000003,0.39380100076000002,0.53906163807899998,0.14526063731899999,0.63683578987,0.0223027183501,0.614370914426,0.51676178803299999,0.47448848221700002,0.72470016577700003,0.385629085574,151510,0.67977396410480007,0.65813119258300001
151669,GraphST,20,0.2358064537,0.04750021352,0.139318103,0.3005136928,0.1611955898,0.352562758,0.01893290501,0.4382329973,0.3607890174,0.330609831,0.5014929895,0.5617670027,151669,,
151669,STAGATE,20,0.2484200946,0.01590046575,0.2187226719,0.2957617334,0.07703906148,0.4625255893,0.01419050585,0.7507573173,0.6977962984,0.6826566371,0.7253438433,0.2492426827,151669,,
151669,SpaGCN,20,0.1997262509,0.03230898358,0.1226986544,0.2405296267,0.1178309723,0.382595891,0.05057687522,0.4611687944,0.3501368522,0.3093061931,0.5173205677,0.5388312056,151669,,
151669,BANKSY,20,0.2918394024,0.009448048143,0.2556902742,0.3076992866,0.05200901235,0.5203778891,0.01046463403,0.9772270006,0.8507263729,0.8489564149,0.9557897211,0.02277299935,151669,,
151669,SEDR,20,0.39281442965399999,0.067617563761999996,0.30535869618299999,0.61929490534499998,0.31393620916100001,0.60022783487800002,0.027351684668599999,0.613723122412,0.49929424037300002,0.42746568154100001,0.71881836642700003,0.386276877588,151669,0.66696832939024997,0.62205487530400005
151670,GraphST,20,0.2207269669,0.04461019963,0.1658064771,0.3745605584,0.2087540813,0.3445063289,0.01817010794,0.3912814594,0.3149292408,0.2712224236,0.4476618352,0.6087185406,151670,,
151670,STAGATE,20,0.2070154123,0.06507683121,0.115353701,0.352359398,0.237005697,0.4342862161,0.02112305348,0.6156394018,0.5373677182,0.4825030951,0.6221052968,0.3843605982,151670,,
151670,SpaGCN,20,0.1599621812,0.02850965,0.1272609528,0.2365262758,0.1092653231,0.3330954282,0.04093795732,0.3869284779,0.296009241,0.2427347123,0.4583236333,0.6130715221,151670,,
151670,BANKSY,20,0.3487110139,0.1322155416,0.2093976762,0.6745597221,0.4651620459,0.48598479,0.05118089038,0.5913104327,0.3586269531,0.312522873,0.694169557,0.4086895673,151670,,
151670,SEDR,20,0.31477719869699999,0.045382559555599999,0.24197654496500001,0.401382442369,0.15940589740399999,0.51010373750100002,0.029131182733499999,0.592134576069,0.48572558759700002,0.41209222428999998,0.69189366282599996,0.407865423931,151670,0.63707576818610001,0.59477674583399998
151671,GraphST,20,0.3025954117,0.02924759583,0.2400221114,0.3327844919,0.0927623805,0.4093343429,0.01015721808,0.5523580888,0.4540326456,0.3816504356,0.5408133581,0.4476419112,151671,,
151671,STAGATE,20,0.349704912,0.02663670794,0.3059040527,0.3924300446,0.0865259919,0.4961584461,0.01436054784,0.6856020961,0.5464943372,0.519827668,0.6944555255,0.3143979039,151671,,
151671,SpaGCN,20,0.2417816146,0.03429138301,0.1900747368,0.3307880704,0.1407133336,0.383289919,0.04126751322,0.4290726497,0.3283115548,0.3078355564,0.5159708717,0.5709273503,151671,,
151671,BANKSY,20,0.4160229291,0.01970636673,0.3578305201,0.4273852203,0.06955470019,0.5335128912,0.01454861191,0.8774327679,0.6308202913,0.6028025091,0.8406662307,0.1225672321,151671,,
151671,SEDR,20,0.48237903721499997,0.061803077938699998,0.43051076843199998,0.605693411219,0.17518264278699999,0.66179588348399998,0.0223149803841,0.62299854091700002,0.53539757311500003,0.49482737482299999,0.74642993477300001,0.37700145908299998,151671,0.70138509657185,0.68222934980899996
151672,GraphST,20,0.3203188399,0.03414629188,0.2049429524,0.3607505427,0.1558075903,0.3664626145,0.0189754198,0.4600749157,0.3373416715,0.3021577188,0.4809829617,0.5399250843,151672,,
151672,STAGATE,20,0.3836892097,0.01489185832,0.3522560457,0.4102767314,0.05802068572,0.4840231862,0.01536789004,0.6581345227,0.5577662966,0.4988920527,0.6538779334,0.3418654773,151672,,
151672,SpaGCN,20,0.29711797,0.02534709796,0.2527371907,0.3308710605,0.07813386977,0.4346053418,0.03213221309,0.4177182758,0.3329040478,0.2979315146,0.5043329161,0.5822817242,151672,,
151672,BANKSY,20,0.4483161823,0.09217971079,0.3833218916,0.7249702866,0.341648395,0.5596621802,0.04237124503,0.7702083088,0.5550506014,0.459978862,0.7537700933,0.2297916912,151672,,
151672,SEDR,20,0.488040070213,0.034602429147500002,0.44386437912799998,0.56831833328500003,0.124453954157,0.65075219950600005,0.016111625437599999,0.71240927120700004,0.622795878819,0.546046098674,0.79169943536700005,0.28759072879300002,151672,0.75252674361400007,0.71220850237699995
151673,GraphST,20,0.1998882532,0.01267988382,0.1759093035,0.2294850467,0.05357574318,0.4012203257,0.02426034357,0.6081119613,0.5249795648,0.4839034047,0.6310242562,0.3918880387,151673,,
151673,STAGATE,20,0.2248357216,0.0237788522,0.1879368551,0.2660158285,0.07807897338,0.4125287263,0.02372263428,0.6758398689,0.449297019,0.4134968562,0.6868888334,0.3241601311,151673,,
151673,SpaGCN,20,0.2777746628,0.03334605508,0.2009350986,0.3289365562,0.1280014576,0.4143805763,0.04702371147,0.5023692787,0.4019525203,0.3785098062,0.6155506036,0.4976307213,151673,,
151673,BANKSY,20,0.3283360431,0.04103998695,0.2018075327,0.3754829268,0.1736753942,0.5309513905,0.0496596075,0.6021977774,0.3587379595,0.3335594898,0.7763587081,0.3978022226,151673,,
151673,SEDR,20,0.56939435313099995,0.0416214843323,0.49304284190199998,0.64704773651500003,0.15400489461299999,0.68729281423300004,0.0237226542097,0.75367852470899999,0.58664962241700003,0.53436146714300004,0.78840205959099996,0.24632147529100001,151673,0.70635979438969998,0.68005979575999997
151674,GraphST,20,0.1972995918,0.02357164759,0.1501472613,0.2359508844,0.08580362314,0.3577717103,0.01967245968,0.5727780565,0.5033809163,0.4615220435,0.6098543505,0.4272219435,151674,,
151674,STAGATE,20,0.2129617979,0.02746626498,0.1227576212,0.2354745105,0.1127168893,0.3644948809,0.02193045721,0.551662694,0.3991968583,0.327801542,0.6355159086,0.448337306,151674,,
151674,SpaGCN,20,0.2285163325,0.01929603314,0.1967868088,0.2822475735,0.0854607647,0.3712199349,0.01977121209,0.7184514249,0.4987148085,0.4643914437,0.7409240444,0.2815485751,151674,,
151674,BANKSY,20,0.2150967877,0.03621340574,0.1888750005,0.3025505225,0.113675522,0.3917265467,0.02917164796,0.7434629778,0.5613932882,0.4695327839,0.7725771689,0.2565370222,151674,,
151674,SEDR,20,0.57821223946,0.058361445690700002,0.41853737272899999,0.63991785995100003,0.22138048722199999,0.69321969804399997,0.041292258465200002,0.712414055923,0.49776109597099999,0.44481793120099999,0.76402354054099997,0.287585944077,151674,0.63772983760205004,0.58184136583900004
151675,GraphST,20,0.1463724951,0.01783732935,0.1238142169,0.1968122062,0.07299798933,0.3532245269,0.03035898843,0.5268704357,0.3388545431,0.2916904627,0.5898454186,0.4731295643,151675,,
151675,STAGATE,20,0.1873943846,0.02383803876,0.1422908927,0.2185403548,0.0762494621,0.366432928,0.02743538653,0.6180861596,0.5203579967,0.469705215,0.647271788,0.3819138404,151675,,
151675,SpaGCN,20,0.2376500734,0.01964052952,0.2132208246,0.2828374005,0.06961657589,0.3840612085,0.02261983702,0.5432446681,0.4149478968,0.3749504644,0.6386254691,0.4567553319,151675,,
151675,BANKSY,20,0.2470568708,0.05896970587,0.1230743018,0.3262488181,0.2031745163,0.4377573763,0.06164792233,0.6048555446,0.4918278717,0.3523922716,0.6892040581,0.3951444554,151675,,
151675,SEDR,20,0.53639259673899997,0.033727525241399998,0.48113567805000002,0.60177879483399999,0.120643116784,0.67043073118600005,0.023171212150400002,0.74789162545200005,0.64540702949399997,0.57455290375599999,0.77611386801299997,0.252108374548,151675,0.72056995815949998,0.68231860442699999
151676,GraphST,20,0.1610284736,0.01115179909,0.1261628588,0.1772428871,0.0510800283,0.3588403105,0.01468466217,0.5854579485,0.5358989972,0.5023658656,0.6248181663,0.4145420515,151676,,
151676,STAGATE,20,0.1747355438,0.01702305777,0.1521197169,0.2118890594,0.05976934249,0.3619881196,0.01538996654,0.6267651163,0.5380319658,0.506577663,0.6448869421,0.3732348837,151676,,
151676,SpaGCN,20,0.2255013488,0.01491725488,0.1943867043,0.2568151675,0.06242846322,0.3571774965,0.0178528642,0.6085184582,0.5008012436,0.4376147234,0.6736190064,0.3914815418,151676,,
151676,BANKSY,20,0.2385897265,0.0332116868,0.1550417214,0.281441295,0.1263995736,0.4321671274,0.03295350167,0.6684502538,0.5075139197,0.3799708698,0.7310427392,0.3315497462,151676,,
151676,SEDR,20,0.53107335468299999,0.041314208265599998,0.420494151298,0.58701899846500005,0.16652484716800001,0.67579944319600005,0.023328187255000001,0.74653005536600003,0.62753482373000002,0.55481471721999998,0.78171805757199997,0.25346994463400002,151676,0.72958892653304996,0.68045268028000006
STARmap_20180505_BY3_1k,GraphST,20,0.4829638238,0.04140586115,0.3563668143,0.5216490188,0.1652822045,0.5699074252,0.02720244054,0.6040361658,0.480562417,0.4487411068,0.6743587296,0.3959638342,STARmap,,
STARmap_20180505_BY3_1k,STAGATE,20,0.2980304272,0.02297821883,0.2269493604,0.3235788139,0.09662945348,0.3202517775,0.01495585074,0.6493359966,0.5265463267,0.4772522587,0.6887735777,0.3506640034,STARmap,,
STARmap_20180505_BY3_1k,SpaGCN,20,0.3737877693,0.06181863599,0.256479988,0.4703902817,0.2139102936,0.4073090156,0.05075874585,0.5030877553,0.367912845,0.3198093759,0.5371105883,0.4969122447,STARmap,,
STARmap_20180505_BY3_1k,BANKSY,20,0.5623667717,0.04351074727,0.4559697612,0.6142206457,0.1582508845,0.6502365752,0.02044357839,0.8861083602,0.709682915,0.6199344131,0.8826281066,0.1138916398,STARmap,,
STARmap_20180505_BY3_1k,SEDR,20,0.55571912582100003,0.047694211896899999,0.422251159401,0.61850481719999995,0.196253657799,0.64562893752700001,0.0297517313188,0.75540249954700001,0.58888089072000005,0.47642144829299998,0.79355886266800002,0.24459750045299999,STARmap,0.70596011171204998,0.63793280259600005
HBCA1,GraphST,20,0.5236826808,0.02770772441,0.48990955,0.5743987348,0.08448918485,0.5832891785,0.01363229317,0.6715693387,0.6143616637,0.582191467,0.7067696082,0.3284306613,HBCA1,,
HBCA1,STAGATE,20,0.6241341146,0.02399759948,0.5547580721,0.6462814643,0.09152339213,0.6620102279,0.009437729311,0.7711371276,0.7128076003,0.6819993579,0.7822662739,0.2288628724,HBCA1,,
HBCA1,SpaGCN,20,0.5343885563,0.01901165755,0.4952148264,0.5605536969,0.06533887043,0.6291916692,0.01139614671,0.6960999323,0.6469890775,0.6191839464,0.771092952,0.3039000677,HBCA1,,
HBCA1,BANKSY,20,0.6348104992,0.02788347275,0.5706647925,0.6522080246,0.08154323204,0.6786211809,0.008975285299,0.8614898809,0.7967975773,0.7578821291,0.8880236353,0.1385101191,HBCA1,,
HBCA1,SEDR,20,0.39282277657800002,0.030421941459600001,0.35782092835099999,0.45389238852500002,0.096071460174000006,0.65449721722499998,0.0073165421611400003,0.63810478678100002,0.55114922477999995,0.49061147399499999,0.81486804908300003,0.36189521321899998,HBCA1,0.78139366997219994,0.76046386329500004
MERFISH_Bregma_m0.04,GraphST,20,0.2234205638,0.02950054902,0.1493215115,0.293955731,0.1446342195,0.3864031058,0.03239049721,0.3279708849,0.2459992625,0.2302982823,0.4974493719,0.6720291151,Bregma -0.04,0.4437907626,0.39559747
MERFISH_Bregma_m0.04,STAGATE,20,0.402722006,0.06836256936,0.3072862325,0.5548836671,0.2475974346,0.5352548113,0.03897319124,0.5140498777,0.3907078333,0.313063318,0.6641145837,0.4859501223,Bregma -0.04,0.568300591,0.5310326075
MERFISH_Bregma_m0.04,SpaGCN,20,0.1262435323,0.0285418403,0.0808532446,0.1910755439,0.1102222993,0.2044857144,0.02856617157,0.335927463,0.2739251322,0.2486288907,0.4686380248,0.664072537,Bregma -0.04,0.4038689893,0.3856758527
MERFISH_Bregma_m0.04,BANKSY,20,0.1571147022,0.02352182305,0.09383401461,0.2058228474,0.1119888328,0.2591085718,0.02184575136,0.6336702138,0.5102672769,0.4719238601,0.8224520049,0.3663297862,Bregma -0.04,0.7549353304,0.7341484524
MERFISH_Bregma_m0.04,SEDR,20,0.168004673149,0.0179891805453,0.13453155793999999,0.206937157348,0.072405599407199997,0.29381237535400001,0.018207941181600001,0.52784568508600005,0.410203861507,0.37912229564099997,0.67303723819100003,0.47215431491400001,Bregma -0.04,0.60186255465124994,0.564104720211
MERFISH_Bregma_m0.09,GraphST,20,0.3528495043,0.04530183576,0.2710451076,0.4278380458,0.1567929381,0.4568897061,0.02120731752,0.4825066402,0.4103012357,0.3680922725,0.5790872678,0.5174933598,Bregma -0.09,0.5439242648,0.5126366619
MERFISH_Bregma_m0.09,STAGATE,20,0.4155898981,0.04624579002,0.3564997419,0.5348259865,0.1783262445,0.5297437236,0.02843236569,0.6122310212,0.4402241028,0.3585729515,0.6953177562,0.3877689788,Bregma -0.09,0.5940218669,0.5234485416
MERFISH_Bregma_m0.09,SpaGCN,20,0.2321724519,0.05189105773,0.133978205,0.3108125627,0.1768343577,0.3111476902,0.03926086905,0.4213462554,0.2921820282,0.254155734,0.5287244393,0.5786537446,Bregma -0.09,0.4260499174,0.3913682486
MERFISH_Bregma_m0.09,BANKSY,20,0.2306868096,0.02046756271,0.2305230571,0.2809777002,0.05045464313,0.3367522365,0.01104394713,0.9502358174,0.6352824577,0.6351087777,0.9431597665,0.04976418258,Bregma -0.09,0.8066091996,0.8062951088
MERFISH_Bregma_m0.09,SEDR,20,0.25652648918400001,0.068856985041999996,0.140616222845,0.41237167863599999,0.27175545579100002,0.36151559883500001,0.045268380189,0.52284224652199995,0.36913170233300002,0.25264329609899999,0.646187320181,0.47715775347799999,Bregma -0.09,0.52653411376284998,0.442491631306
MERFISH_Bregma_m0.14,GraphST,20,0.3693686778,0.01978559154,0.3261487481,0.3967108753,0.07056212725,0.4881834743,0.01149649782,0.4667685774,0.4052921596,0.3766731188,0.5942403304,0.5332314226,Bregma -0.14,0.5453386268,0.5219265549
MERFISH_Bregma_m0.14,STAGATE,20,0.3769189907,0.06407332623,0.3385720583,0.5456666201,0.2070945618,0.5534211477,0.02152861745,0.5420539779,0.4352539659,0.4017231625,0.7030381034,0.4579460221,Bregma -0.14,0.6266181036,0.5836158403
MERFISH_Bregma_m0.14,SpaGCN,20,0.2360679489,0.0495631298,0.1050537756,0.2877287301,0.1826749545,0.318479199,0.03760471701,0.461172187,0.2522911259,0.2126479914,0.5430983427,0.538827813,Bregma -0.14,0.4022795241,0.3721428457
MERFISH_Bregma_m0.14,BANKSY,20,0.2569964686,0.0163772048,0.2253059407,0.2641240625,0.03881812176,0.3343354851,0.02044975279,0.8343653256,0.5818142545,0.5687166914,0.8726470681,0.1656346744,Bregma -0.14,0.7637082185,0.7632470813
MERFISH_Bregma_m0.14,SEDR,20,0.25448295416799999,0.029714490512400001,0.17958546571199999,0.30596047487,0.12637500915800001,0.35936312008900001,0.018602685064899999,0.60581462321099999,0.45247979408299999,0.39986904106999999,0.74060537888,0.39418537678900001,Bregma -0.14,0.65250113406265009,0.60137218093300004
MERFISH_Bregma_m0.19,GraphST,20,0.3842830316,0.04744704234,0.2568429803,0.4404798816,0.1836369013,0.5350636499,0.02490529203,0.5451660509,0.3444804038,0.2753941753,0.6446383934,0.4548339491,Bregma -0.19,0.5569188164,0.5049765441
MERFISH_Bregma_m0.19,STAGATE,20,0.548856591,0.05093758379,0.4426440761,0.6254658838,0.1828218077,0.6345259976,0.01806936041,0.6063353769,0.472257087,0.4436221727,0.7265260133,0.3936646231,Bregma -0.19,0.6522880331,0.6230585657
MERFISH_Bregma_m0.19,SpaGCN,20,0.2370628998,0.06532005421,0.1205738637,0.3427964965,0.2222226328,0.3262321648,0.04523155518,0.3676846857,0.2596119439,0.2376177946,0.5025365027,0.6323153143,Bregma -0.19,0.4327150803,0.3998564466
MERFISH_Bregma_m0.19,BANKSY,20,0.2802938057,0.04128458683,0.1684607158,0.28087815,0.1124174342,0.3914843321,0.03562162862,0.995842205,0.5756408923,0.3828177001,0.9938511906,0.004157794967,Bregma -0.19,0.7531086809,0.7098880556
MERFISH_Bregma_m0.19,SEDR,20,0.28247143533899999,0.0252652334369,0.18182619383900001,0.29523925453200001,0.113413060693,0.395731991803,0.0265970537544,0.72406277583199996,0.46050444998000001,0.373079197104,0.75237687229299999,0.27593722416799998,Bregma -0.19,0.64802579516174996,0.58731184479099996
MERFISH_Bregma_m0.24,GraphST,20,0.4126567491,0.03761188372,0.2913487123,0.4485837775,0.1572350653,0.530617094,0.01311546957,0.4996040674,0.3576217524,0.2466034205,0.6216881043,0.5003959326,Bregma -0.24,0.5653108086,0.5036275391
MERFISH_Bregma_m0.24,STAGATE,20,0.5436068488,0.05265893123,0.4397737932,0.6401269895,0.2003531963,0.6457184301,0.01662824871,0.6012670376,0.4987846051,0.4597106784,0.7230280213,0.3987329624,Bregma -0.24,0.6617800123,0.6300076514
MERFISH_Bregma_m0.24,SpaGCN,20,0.2369921457,0.04676576254,0.1359789045,0.3046186943,0.1686397898,0.3190073691,0.0295612904,0.4854211553,0.3753063737,0.2744535428,0.5671319679,0.5145788447,Bregma -0.24,0.5032928917,0.4285536797
MERFISH_Bregma_m0.24,BANKSY,20,0.2599480208,0.01886733759,0.2111867157,0.2655985325,0.0544118168,0.3448232836,0.01999318536,0.6475188477,0.5377731716,0.4912465069,0.817536639,0.3524811523,Bregma -0.24,0.7627432478,0.7225527223
MERFISH_Bregma_m0.24,SEDR,20,0.20151569251900001,0.038815789145299998,0.140505096282,0.31684711464999998,0.17634201836800001,0.35780724649500001,0.036530670485599999,0.61622400216100004,0.43713855918200001,0.24672035840500001,0.68959583964799998,0.38377599783900002,Bregma -0.24,0.58931860884115006,0.46020271273699997
