section,dataset_display,method,n_iso_accuracy_pairs,spearman_partition_ari_vs_marker_jaccard,spearman_partition_ari_vs_top50_jaccard,spearman_partition_ari_vs_marker_rank_spearman,section_display,low_tertile_median_marker_jaccard,middle_tertile_median_marker_jaccard,high_tertile_median_marker_jaccard,high_minus_low_marker_jaccard
151507,151507,GraphST,113,0.55635186,0.65057851,0.66406614,151507,,,,
151507,151507,STAGATE,80,0.69614153,0.68397738,0.83675574,151507,,,,
151507,151507,SpaGCN,45,0.8567381,0.81433718,0.94716733,151507,,,,
151507,151507,BANKSY,58,0.97333864,0.92308933,0.97378972,151507,,,,
151507,151507,SEDR,73,0.75327726289999997,0.59779371079999999,0.61137850179999997,151507,0.63934426229999997,0.70940170940000002,0.77781289509999996,0.13846863279999999
151508,151508,GraphST,50,0.65746473,0.4417339,0.71812725,151508,,,,
151508,151508,STAGATE,51,0.10793911,0.32425968,0.59239819,151508,,,,
151508,151508,SpaGCN,55,0.69741047,0.6876139,0.63780664,151508,,,,
151508,151508,BANKSY,50,0.8294559,0.74084691,0.78107362,151508,,,,
151508,151508,SEDR,90,0.67374351290000001,0.60148978220000004,0.83425114209999995,151508,0.70940170940000002,0.7699115044,0.81818181820000002,0.1087801088
151509,151509,GraphST,56,0.43066681,0.48009646,0.47840055,151509,,,,
151509,151509,STAGATE,89,0.4171842,0.30558862,0.63455907,151509,,,,
151509,151509,SpaGCN,69,0.52204514,0.67697316,0.6935696,151509,,,,
151509,151509,BANKSY,43,0.94124026,0.88100177,0.96563849,151509,,,,
151509,151509,SEDR,30,0.53758087880000005,0.45316269739999998,0.64271412679999995,151509,0.64611841209999998,0.65977961429999998,0.71702284449999998,0.070904432399999995
151510,151510,GraphST,47,0.53646762,0.65867907,0.61875578,151510,,,,
151510,151510,STAGATE,48,0.86009218,0.88498383,0.7767043,151510,,,,
151510,151510,SpaGCN,57,0.82060503,0.76374746,0.80937257,151510,,,,
151510,151510,BANKSY,68,0.81927389,0.82338807,0.82946068,151510,,,,
151510,151510,SEDR,41,0.69301122920000002,0.71603037940000003,0.79181184670000004,151510,0.63945441110000001,0.70940170940000002,0.73913043479999996,0.099676023699999949
151669,151669,GraphST,43,0.4660534,0.53773959,0.42132286,151669,,,,
151669,151669,STAGATE,128,0.23902235,0.27634403,0.12990982,151669,,,,
151669,151669,SpaGCN,63,0.91234883,0.85163238,0.87231183,151669,,,,
151669,151669,BANKSY,171,0.96628976,0.95214793,0.86920626,151669,,,,
151669,151669,SEDR,43,0.67711646589999996,0.66033260419999995,0.41045001510000001,151669,0.62601626020000001,0.6949152542,0.73163418290000004,0.10561792270000003
151670,151670,GraphST,62,0.21719749,0.29248925,0.14290751,151670,,,,
151670,151670,STAGATE,29,0.56807602,0.7150967,0.62512315,151670,,,,
151670,151670,SpaGCN,73,0.70969798,0.73252256,0.66222387,151670,,,,
151670,151670,BANKSY,19,0.94051348,0.93548497,0.92982456,151670,,,,
151670,151670,SEDR,48,0.49555779779999998,0.50550656410000006,0.53158923140000003,151670,0.50375939849999996,0.48148148149999997,0.68067226889999999,0.17691287040000003
151671,151671,GraphST,72,0.46768587,0.52641715,0.55100006,151671,,,,
151671,151671,STAGATE,70,0.74833601,0.77267942,0.58197883,151671,,,,
151671,151671,SpaGCN,73,0.88166166,0.87014332,0.74429224,151671,,,,
151671,151671,BANKSY,133,0.91744158,0.90989358,0.85026143,151671,,,,
151671,151671,SEDR,43,0.56929988200000003,0.74221365579999998,0.91165810930000002,151671,0.61290322580000001,0.66666666669999997,0.69503698920000001,0.082133763400000004
151672,151672,GraphST,74,0.44204408,0.1860089,0.36621992,151672,,,,
151672,151672,STAGATE,120,0.5960978,0.55639734,0.44284325,151672,,,,
151672,151672,SpaGCN,69,0.80370402,0.73463248,0.81329923,151672,,,,
151672,151672,BANKSY,83,0.73157368,0.75852406,0.78122771,151672,,,,
151672,151672,SEDR,64,0.72125599870000001,0.50016047620000004,0.32220695970000002,151672,0.70215848179999996,0.7699115044,0.78571428570000001,0.083555803900000059
151673,151673,GraphST,140,0.68726592,0.68707262,0.61213181,151673,,,,
151673,151673,STAGATE,77,0.84653276,0.74896161,0.80382775,151673,,,,
151673,151673,SpaGCN,70,0.86309283,0.81340952,0.84382819,151673,,,,
151673,151673,BANKSY,76,0.77994809,0.82620228,0.80500683,151673,,,,
151673,151673,SEDR,44,0.73886931720000004,0.77416536560000004,0.85665961950000002,151673,0.73913043479999996,0.80180180180000005,0.80999180999999998,0.070861375200000021
151674,151674,GraphST,77,0.76524076,0.46423384,0.63959724,151674,,,,
151674,151674,STAGATE,95,0.67800438,0.6313647,0.66086226,151674,,,,
151674,151674,SpaGCN,117,0.77584315,0.63372055,0.77372657,151674,,,,
151674,151674,BANKSY,87,0.87454091,0.74756584,0.9558288,151674,,,,
151674,151674,SEDR,35,0.84244085859999995,0.89554887220000001,0.89355742299999996,151674,0.66678241540000005,0.6949152542,0.80180180180000005,0.1350193864
151675,151675,GraphST,115,0.0085232,0.28573175,0.30755938,151675,,,,
151675,151675,STAGATE,78,0.60310612,0.58586459,0.70409337,151675,,,,
151675,151675,SpaGCN,98,0.81769047,0.87279498,0.85569561,151675,,,,
151675,151675,BANKSY,38,0.75635724,0.85075646,0.76154261,151675,,,,
151675,151675,SEDR,52,0.77466097229999997,0.69480883069999999,0.64808332619999998,151675,0.63934426229999997,0.72413793100000001,0.78571428570000001,0.14637002340000005
151676,151676,GraphST,157,0.33910339,0.37988442,0.54420457,151676,,,,
151676,151676,STAGATE,111,0.19627411,0.4682754,0.58803966,151676,,,,
151676,151676,SpaGCN,122,0.77034138,0.5327499,0.69493855,151676,,,,
151676,151676,BANKSY,87,0.94432272,0.95542797,0.94429266,151676,,,,
151676,151676,SEDR,51,0.66132170970000004,0.60673553039999994,0.68380090500000001,151676,0.72413793100000001,0.73913043479999996,0.78571428570000001,0.061576354700000002
STARmap_20180505_BY3_1k,STARmap,GraphST,73,0.81013659,0.81866563,0.90287548,STARmap,,,,
STARmap_20180505_BY3_1k,STARmap,STAGATE,101,0.81725716,0.79048432,0.92437973,STARmap,,,,
STARmap_20180505_BY3_1k,STARmap,SpaGCN,26,0.85019789,0.87254477,0.9234188,STARmap,,,,
STARmap_20180505_BY3_1k,STARmap,BANKSY,102,0.82858528,0.89702047,0.8946109,STARmap,,,,
STARmap_20180505_BY3_1k,STARmap,SEDR,52,0.70398324540000001,0.83239707640000005,0.77336179370000002,STARmap,0.70940170940000002,0.83486238530000001,0.83486238530000001,0.12546067589999998
HBCA1,HBCA1,GraphST,74,0.60560089,0.45952924,0.47056646,HBCA1,,,,
HBCA1,HBCA1,STAGATE,93,0.37918161,0.17503542,0.26555459,HBCA1,,,,
HBCA1,HBCA1,SpaGCN,98,0.26229867,0.22053166,0.31879706,HBCA1,,,,
HBCA1,HBCA1,BANKSY,77,0.63245901,0.55042559,0.70387507,HBCA1,,,,
HBCA1,HBCA1,SEDR,66,0.67576728480000003,0.56018457830000001,0.68946874020000004,HBCA1,0.77428000080000003,0.81006493509999999,0.85201063190000004,0.077730631100000003
MERFISH_Bregma_m0.04,,GraphST,86,0.5540760073,,,Bregma -0.04,0.8608274191,0.8789696542,0.9048482964,0.04402087728
MERFISH_Bregma_m0.04,,STAGATE,27,0.5475101597,,,Bregma -0.04,0.8693221523,0.869812145,0.9230769231,0.05375477074
MERFISH_Bregma_m0.04,,SpaGCN,71,0.4996393736,,,Bregma -0.04,0.8695671487,0.8702207578,0.9139194139,0.04435226523
MERFISH_Bregma_m0.04,,BANKSY,123,0.8780902074,,,Bregma -0.04,0.9704911668,0.9801980198,1,0.02950883324
MERFISH_Bregma_m0.04,Bregma -0.04,SEDR,103,0.33869676999999998,0.35476986729999999,0.34962439049999999,Bregma -0.04,0.88948306600000004,0.91391941389999998,0.93707991040000005,0.047596844400000005
MERFISH_Bregma_m0.09,,GraphST,48,0.1733534827,,,Bregma -0.09,0.9047619048,0.9002695418,0.9139194139,0.009157509158
MERFISH_Bregma_m0.09,,STAGATE,67,0.5092480891,,,Bregma -0.09,0.8867924528,0.904934688,0.9139194139,0.02712696109
MERFISH_Bregma_m0.09,,SpaGCN,36,0.8139487207,,,Bregma -0.09,0.8961179008,0.9231658309,0.9418390956,0.04572119482
MERFISH_Bregma_m0.09,,BANKSY,126,0.9273442586,,,Bregma -0.09,0.9801980198,1,1,0.0198019802
MERFISH_Bregma_m0.09,Bregma -0.09,SEDR,23,0.58817754600000005,0.3515452141,0.58201581030000005,Bregma -0.09,0.86483212180000002,0.86483212180000002,0.91427001279999998,0.049437890999999956
MERFISH_Bregma_m0.14,,GraphST,96,0.4437400218,,,Bregma -0.14,0.8869603916,0.8869603916,0.9139194139,0.02695902229
MERFISH_Bregma_m0.14,,STAGATE,42,0.7086184673,,,Bregma -0.14,0.8868764222,0.9371714332,0.9512659433,0.06438952104
MERFISH_Bregma_m0.14,,SpaGCN,55,0.5614382499,,,Bregma -0.14,0.9324122479,0.9324122479,0.9465982808,0.01418603289
MERFISH_Bregma_m0.14,,BANKSY,99,0.8026769838,,,Bregma -0.14,0.9900990099,1,1,0.009900990099
MERFISH_Bregma_m0.14,Bregma -0.14,SEDR,69,0.54564221040000005,0.48613254760000002,0.40806372060000001,Bregma -0.14,0.93277310920000001,0.94193061840000003,0.96078431369999995,0.028011204499999942
MERFISH_Bregma_m0.19,,GraphST,44,0.5037479931,,,Bregma -0.19,0.9232547388,0.9419306184,0.9512659433,0.02801120448
MERFISH_Bregma_m0.19,,STAGATE,45,0.8837015157,,,Bregma -0.19,0.8532818533,0.9047619048,0.9512659433,0.09798408999
MERFISH_Bregma_m0.19,,SpaGCN,22,0.7738492882,,,Bregma -0.19,0.9139194139,0.9232547388,0.9417475728,0.0278281589
MERFISH_Bregma_m0.19,,BANKSY,123,,,,Bregma -0.19,1,1,1,0
MERFISH_Bregma_m0.19,Bregma -0.19,SEDR,134,0.67567810930000005,0.81024905020000004,0.80691529819999996,Bregma -0.19,0.92325473879999997,0.94193061840000003,0.96078431369999995,0.037529574899999973
MERFISH_Bregma_m0.24,,GraphST,58,0.4406518109,,,Bregma -0.24,0.9139194139,0.9324122479,0.9324122479,0.01849283403
MERFISH_Bregma_m0.24,,STAGATE,38,0.7420876794,,,Bregma -0.24,0.8274365821,0.8867924528,0.9278334934,0.1003969113
MERFISH_Bregma_m0.24,,SpaGCN,43,0.6245872895,,,Bregma -0.24,0.9327731092,0.9465982808,0.9657319815,0.03295887229
MERFISH_Bregma_m0.24,,BANKSY,111,0.6707936405,,,Bregma -0.24,0.9801980198,0.9801980198,1,0.0198019802
MERFISH_Bregma_m0.24,Bregma -0.24,SEDR,57,0.84713267609999998,0.86187865679999998,0.8976536168,Bregma -0.24,0.87797566569999996,0.94193061840000003,0.96078431369999995,0.082808647999999985
