9B81F75D2577B186D64E41912A57553AC75ABF59681E6DE4FD9BDD85C9E04443	scripts/frozen_workspace/outputs/PROJECT9_PHASE1/code/analyze_core.py
57DE39887848DD4B7CA60BF27277E121AF2A0BCEACB987AB37E2E4435B2ADB1A	scripts/frozen_workspace/outputs/PROJECT9_PHASE1/code/analyze_markers.py
96B80236F9C8FEE370B52A11E2D8DF565BEDCF0A8F37F280146330CCCE2B772E	scripts/frozen_workspace/outputs/PROJECT9_PHASE1/code/fix_hbca_stagate_coordinate_scale.py
9B8F9BFB323A7BD2353BDE48E60F7C5A61B3DE18CA733A014A09DF0B34BE3732	scripts/frozen_workspace/outputs/PROJECT9_PHASE1/code/make_figures.py
9CA27C51C0384152AF536CCCF3A6E397E1366A5A2A03E3DB402262A9374EA3E4	scripts/frozen_workspace/outputs/PROJECT9_PHASE1/code/merge_marker_outputs.py
FF188FD1079F87AA43A93B2F070B9FBE8F6365A02AE5E2E0B8F2A42E9032731C	scripts/frozen_workspace/outputs/PROJECT9_PHASE1/code/prepare_dlpfc.py
9BF035972135243389266DDD071C207A86C9C59F0BF28AE070251CA0DBEE5AE6	scripts/frozen_workspace/outputs/PROJECT9_PHASE1/code/prepare_external.py
914F70DEA9BEEA1190740BF32A2A6CB7E06EB438DA4979E965B240C56B6A43B8	scripts/frozen_workspace/outputs/PROJECT9_PHASE1/code/run_go_if_triggered.py
B149563BF3CB477D0CB450F4C98806450A7F72475F42C479BF6CC1D8BCA2EE19	scripts/frozen_workspace/outputs/PROJECT9_PHASE1/code/run_seed_panel.py
D240ED7548C85473B20EBCABB52AF7792534302A8D6A9D510DEBEA77D80A1740	scripts/frozen_workspace/outputs/PROJECT9_PHASE1/code/summarize_spot_boundaries.py
73A67EFF4884CFAA35B7348A67EED06986854385B10495401E42DA886AD740BB	scripts/frozen_workspace/outputs/PROJECT9_PHASE1/code/validate_phase1.py
56D7C5F960FE3BBF7726A8EFDDC08A1DDE2ED6AA1CCB7277314F8FAEF03BB8F6	scripts/frozen_workspace/work/final_five_method_package/build_final_figures.py
C75C6DBB49814475DDF01C9C364301E7ED015E9E4A32BFE5D048556A184F6476	scripts/frozen_workspace/work/five_method_final_package/build_legends_supplement.py
3112FF99AF0AF77854B499834F3D05A335B1C955D1337EDF4B5806B91E8A382C	scripts/frozen_workspace/work/five_method_final_package/final_validate_legends_supplement.py
D565FB4B6AD82A3E81303787B4AE33CD2ACEC346496E1DCEA78DC7B17E396440	scripts/frozen_workspace/work/five_method_final_tables/build_final_table_sources.py
BECE690A04F4D51F418E791F324359F9836BABA84BEF529713EA7D1CF5D82AD1	scripts/frozen_workspace/work/five_method_final_tables/build_final_word_tables.py
22AD1D524CF8A58A7E37D64ED49EB13354A03779355F54FE8A2DAE8D9A379883	scripts/frozen_workspace/work/five_method_final_tables/validate_final_tables.py
5339272025375FE0EBD027D9D2C0AEDE435589F4CAAE8ED01D2663B5AB01D0F8	scripts/frozen_workspace/work/merfish_expansion/analyze_core.py
BDBC11A838185684E40BF26F3FBB4059FACA6CB7828FCA270A0D066A5A3F7EAB	scripts/frozen_workspace/work/merfish_expansion/analyze_markers.py
30B71399941368DE2DFBC2C38AE67A6E25BB6F58718B3164EDDBC126F4869CFF	scripts/frozen_workspace/work/merfish_expansion/audit_spagcn_checkpoints.py
D205854720F1382935A55E5B2503CB80F36CC0C6212898CD98F6E65098396C25	scripts/frozen_workspace/work/merfish_expansion/finalize_external_validation.py
AC0DA429249CB45FE1B0D49AC3269657FEA00BA763B765B4F71C9AF9A39BBF64	scripts/frozen_workspace/work/merfish_expansion/run_lightweight_amended_resume.py
E1281C2C40C03362E670F77FC13477018C2236CB69F32D0CC0F5118A94393292	scripts/frozen_workspace/work/merfish_expansion/run_lightweight_queue.py
37987D66B79A72E0C280430122F2E56B357358415E7E5D692A23314B8106A1D7	scripts/frozen_workspace/work/merfish_expansion/run_queue.py
E1328ED8F7C9F079975ED85FA198C83BF705643A19527F948D7943D4DB9639E9	scripts/frozen_workspace/work/merfish_expansion/run_seed.py
8374AD68B36763070EC478DE2E645CBA6D74352071DA196377400D214F61F9FD	scripts/frozen_workspace/work/merfish_expansion/summarize_and_report.py
71964E7F18DEA17247C7E1321B974B3A90C7357AA4E9D1C5A133F61CB1F6B41D	scripts/frozen_workspace/work/merfish_expansion/validate_final.py
6014A1858ED858F983FDACE69EDCBDCC28E8BC82EEAB4200CB57F0DCA3D7D5FC	scripts/frozen_workspace/work/merfish_preflight/audit_bass_rdata.R
9F7A0A773000B5953857B5C4EC2CC5AB0B599FECAD4E3693A32E772B6D0B716C	scripts/frozen_workspace/work/merfish_preflight/export_bass_sections.R
E38A96F04CDBE140DBC92E0B5702D8B69F3B788DC0863CD509B7BA1F8FBB05B5	scripts/frozen_workspace/work/merfish_preflight/finalize_smoke.py
6657EAF9338E720CA20950A089F6F38AB07437E81D66B030716D709E4260B030	scripts/frozen_workspace/work/merfish_preflight/inspect_rdata.R
7548B52B00DECE01FA7B2CB183EAC233BC748DF68F63084C1DAE399EE47F160E	scripts/frozen_workspace/work/merfish_preflight/prepare_merfish_inputs.py
53C773781500D06DD4D4A97753ED7F42C88EE8BEB8F3B6AB58B2D657C431ADD4	scripts/frozen_workspace/work/merfish_preflight/smoke_one.py
D69F189344E9FFD2B630A719EDA2E2FAE8B5BCC497DED9A1240835EF4E47164F	scripts/frozen_workspace/work/sedr_expansion/analyze_five_method.py
75BAE54D2D6AE144B76E0A3CA4C1B8F849368501937E9E52323BAEEE334404D7	scripts/frozen_workspace/work/sedr_expansion/analyze_scientific.py
EF413402159ABA5ED59EDF92FBE0A964B05C94D77F65EF7C4D8E8481DCD63D95	scripts/frozen_workspace/work/sedr_expansion/analyze_sedr_markers.py
1EB47DDB67B09EA692A1D16D56E33080281064B5326404506580753A2C005D93	scripts/frozen_workspace/work/sedr_expansion/anndata_null_compat.py
535DB2CAB1B03C4E01CF8CB276F31E9F56E9A3CF1389EDE6379A99F08E1A9FA9	scripts/frozen_workspace/work/sedr_expansion/build_five_method_candidate_main.py
EF079F463840560F72116CF2D0147881F821894F1F652DAA80356AEEF0AB9CD8	scripts/frozen_workspace/work/sedr_expansion/build_five_method_candidate_qc.py
0EF2999E1919FDDD91CEC39C365DC9BC2AD22D5DE5B5965DFD22D47FD5C27981	scripts/frozen_workspace/work/sedr_expansion/build_five_method_candidate_supp.py
F3625ACDC77DFD85E94DA05814966F75A3C3A613755432EA0CBBD1ACCC540446	scripts/frozen_workspace/work/sedr_expansion/build_input_structural_audit.py
A741BE378CEA656AE6FEEA6A97A5BBB6F0692A5C0E9BF7948116E8C00F6EA491	scripts/frozen_workspace/work/sedr_expansion/create_candidate_figure_baseline.py
0F6C809E4F3005F22FEFD9EEEDC5B5344F9D32333BB8F5739E8FDF16ABA05F14	scripts/frozen_workspace/work/sedr_expansion/create_immutability_baseline.py
BC4DF6789D42C018DF3037CBA54C848D3CF22B0053599AE718CE24ADD0701D2F	scripts/frozen_workspace/work/sedr_expansion/finalize_validation_reports.py
CBCC01ED29341862A787E420FB89E8BD5BAF051A2C9863A0ED4129CE582927FF	scripts/frozen_workspace/work/sedr_expansion/integrate_all_outputs.py
113FC7D5908290F83F41C51A0213C1FFDDAB7B6A69C072DC63F052E5B30985DF	scripts/frozen_workspace/work/sedr_expansion/open_scientific_gate.py
53DC2806315A774335366917D1E4E5EA7A7D2EAD9666FB4B32F3B31C4F5C30F8	scripts/frozen_workspace/work/sedr_expansion/prepare_technical_views.py
F13E4162E3B70A300E3D6E2B8F0A12B09912D5137AE1228C052269DCDF974E30	scripts/frozen_workspace/work/sedr_expansion/run_locked_full_pipeline.py
B07528BEA0E62B50FEB62786E9D9E5EC939DEEF9AB6925C329B1BBF0FDE5B68A	scripts/frozen_workspace/work/sedr_expansion/run_preflight.py
834B948D555C8541A679AC9D3199D37FEAA1555E239E908842BC1835D2333081	scripts/frozen_workspace/work/sedr_expansion/run_queue.py
85A064CB745245D5DAA34B949526E7D17B7F9EBDE5767AD384B6A24A05DB86B2	scripts/frozen_workspace/work/sedr_expansion/run_sedr_checkpoint.py
B82B8963D414352C711B4518A2A3FCDC3A48EF51EE453401080D7265ECC185A5	scripts/frozen_workspace/work/sedr_expansion/test_gate_core_synthetic.py
9F48D59CDA368113ADBC74C6F6663D64B9BC9CEC5EBFE31B38B54CAE29A052D2	scripts/frozen_workspace/work/sedr_expansion/validate_candidate_figure_integrity.py
C15A6F9C526132321E3A0ECE49871054C226551E2395014AE84EA76107DE3FB4	scripts/frozen_workspace/work/sedr_expansion/validate_technical.py
